{"articles": [{"title": "د.فوزي عداد يكشف عن سبب تحسن الوضع الوبائي في تونس ...و السبب غير متوقع", "text": "ولايات الجمهورية تغرق عند نزول الأمطار، ما هي الأسباب ؟\n\nضعف البنية التحتية\n\nانعدام المتابعة و الصيانة\n\nفساد وقت الانجاز\n\nتصويت نتيجة التصويت\n\nYou already voted this poll before.", "published date": "2021-02-23T09:08:27"}, {"title": "الدكتور فوزي عداد يكشف عن سبب تحسن الوضع الوبائي ...و السبب غير متوقّع", "text": "ولايات الجمهورية تغرق عند نزول الأمطار، ما هي الأسباب ؟\n\nضعف البنية التحتية\n\nانعدام المتابعة و الصيانة\n\nفساد وقت الانجاز\n\nتصويت نتيجة التصويت\n\nYou already voted this poll before.", "published date": "2021-02-23T08:52:52"}, {"title": "الدكتور فوزي عداد يكشف عن سبب تحسن الوضع الوبائي في تونس ...و السبب غير متوقّع", "text": "ولايات الجمهورية تغرق عند نزول الأمطار، ما هي الأسباب ؟\n\nضعف البنية التحتية\n\nانعدام المتابعة و الصيانة\n\nفساد وقت الانجاز\n\nتصويت نتيجة التصويت\n\nYou already voted this poll before.", "published date": "2021-02-23T08:49:41"}, {"title": "ماذا في رسالة ألفة الحامدي إلى قيس سعيد ؟", "text": "ولايات الجمهورية تغرق عند نزول الأمطار، ما هي الأسباب ؟\n\nضعف البنية التحتية\n\nانعدام المتابعة و الصيانة\n\nفساد وقت الانجاز\n\nتصويت نتيجة التصويت\n\nYou already voted this poll before.", "published date": "2021-03-01T08:34:07"}, {"title": "بعد 10 سنوات على الجريمة البشعة : الإعدام لقتلة ربيع", "text": "ولايات الجمهورية تغرق عند نزول الأمطار، ما هي الأسباب ؟\n\nضعف البنية التحتية\n\nانعدام المتابعة و الصيانة\n\nفساد وقت الانجاز\n\nتصويت نتيجة التصويت\n\nYou already voted this poll before.", "published date": "2021-03-04T12:14:43"}, {"title": "نادية عكاشة ترسل عدلا منفذا لجريدة الشروق (صورة)", "text": "ولايات الجمهورية تغرق عند نزول الأمطار، ما هي الأسباب ؟\n\nضعف البنية التحتية\n\nانعدام المتابعة و الصيانة\n\nفساد وقت الانجاز\n\nتصويت نتيجة التصويت\n\nYou already voted this poll before.", "published date": "2021-03-04T11:13:03"}, {"title": "لأول مرة : لطفي العبدلي يكشف عن حقيقة دور \"ميدو\" في شوفلي حل و تدخل ليلى بن علي", "text": "ولايات الجمهورية تغرق عند نزول الأمطار، ما هي الأسباب ؟\n\nضعف البنية التحتية\n\nانعدام المتابعة و الصيانة\n\nفساد وقت الانجاز\n\nتصويت نتيجة التصويت\n\nYou already voted this poll before.", "published date": "2021-03-05T10:31:55"}, {"title": "لأول مرة لطفي العبدلي يكشف عن دور \"ميدو\" في شوفلي حل و تدخل ليلى بن علي", "text": "ولايات الجمهورية تغرق عند نزول الأمطار، ما هي الأسباب ؟\n\nضعف البنية التحتية\n\nانعدام المتابعة و الصيانة\n\nفساد وقت الانجاز\n\nتصويت نتيجة التصويت\n\nYou already voted this poll before.", "published date": "2021-03-05T10:29:03"}, {"title": "لطفي لعماري يهاجم نزيهة رجيبة: إنت سفيهة و كذابة - Tounes 24", "text": "ولايات الجمهورية تغرق عند نزول الأمطار، ما هي الأسباب ؟\n\nضعف البنية التحتية\n\nانعدام المتابعة و الصيانة\n\nفساد وقت الانجاز\n\nتصويت نتيجة التصويت\n\nYou already voted this poll before.", "published date": "2021-03-05T21:28:33"}, {"title": "هشام المشيشي : لن أستقيل فأنا لا أتقن لعبة محاربة طواحين الرياح", "text": "ولايات الجمهورية تغرق عند نزول الأمطار، ما هي الأسباب ؟\n\nضعف البنية التحتية\n\nانعدام المتابعة و الصيانة\n\nفساد وقت الانجاز\n\nتصويت نتيجة التصويت\n\nYou already voted this poll before.", "published date": "2021-03-06T12:10:37"}, {"title": "لقاء نادية عكاشة بإماراتيين في روما ؟", "text": "ولايات الجمهورية تغرق عند نزول الأمطار، ما هي الأسباب ؟\n\nضعف البنية التحتية\n\nانعدام المتابعة و الصيانة\n\nفساد وقت الانجاز\n\nتصويت نتيجة التصويت\n\nYou already voted this poll before.", "published date": "2021-03-06T16:35:45"}, {"title": "بوغلاب: “ كي نقول على روحي عربي مسلم اليوم نحشم على روحي.. ”", "text": "ولايات الجمهورية تغرق عند نزول الأمطار، ما هي الأسباب ؟\n\nضعف البنية التحتية\n\nانعدام المتابعة و الصيانة\n\nفساد وقت الانجاز\n\nتصويت نتيجة التصويت\n\nYou already voted this poll before.", "published date": "2021-03-07T14:20:59"}, {"title": "في بلاغ لرئاسة الجمهورية : هذا موعد وصول لقاح فيروس كورونا لتونس", "text": "ولايات الجمهورية تغرق عند نزول الأمطار، ما هي الأسباب ؟\n\nضعف البنية التحتية\n\nانعدام المتابعة و الصيانة\n\nفساد وقت الانجاز\n\nتصويت نتيجة التصويت\n\nYou already voted this poll before.", "published date": "2021-03-08T19:03:58"}, {"title": "8 سنوات سجنا ضد سامي الفهري مع النفاذ العاجل", "text": "ولايات الجمهورية تغرق عند نزول الأمطار، ما هي الأسباب ؟\n\nضعف البنية التحتية\n\nانعدام المتابعة و الصيانة\n\nفساد وقت الانجاز\n\nتصويت نتيجة التصويت\n\nYou already voted this poll before.", "published date": "2021-03-09T08:34:39"}, {"title": "9 أعراض جانبية للقاح الروسي لفيروس كورونا الذي يصل تونس اليوم ..", "text": "ولايات الجمهورية تغرق عند نزول الأمطار، ما هي الأسباب ؟\n\nضعف البنية التحتية\n\nانعدام المتابعة و الصيانة\n\nفساد وقت الانجاز\n\nتصويت نتيجة التصويت\n\nYou already voted this poll before.", "published date": "2021-03-09T10:45:53"}, {"title": "8 سنوات سجنا لسامي الفهري مع النفاذ العاجل", "text": "ولايات الجمهورية تغرق عند نزول الأمطار، ما هي الأسباب ؟\n\nضعف البنية التحتية\n\nانعدام المتابعة و الصيانة\n\nفساد وقت الانجاز\n\nتصويت نتيجة التصويت\n\nYou already voted this poll before.", "published date": "2021-03-09T08:32:42"}, {"title": "منحة تتراوح بين 1300 و 1700 دينار لفائدة هؤلاء..", "text": "ولايات الجمهورية تغرق عند نزول الأمطار، ما هي الأسباب ؟\n\nضعف البنية التحتية\n\nانعدام المتابعة و الصيانة\n\nفساد وقت الانجاز\n\nتصويت نتيجة التصويت\n\nYou already voted this poll before.", "published date": "2021-03-10T13:44:49"}, {"title": "صديق لبوتين وسرغي لافروف .. رجل اعمال تونسي ساهم في تسريع حصول تونس على لقاح كورونا", "text": "ولايات الجمهورية تغرق عند نزول الأمطار، ما هي الأسباب ؟\n\nضعف البنية التحتية\n\nانعدام المتابعة و الصيانة\n\nفساد وقت الانجاز\n\nتصويت نتيجة التصويت\n\nYou already voted this poll before.", "published date": "2021-03-10T13:39:48"}, {"title": "الهادي زعيّم مستاء من مكائد \"بوبكر عكاشة\" في إذاعة موزاييك", "text": "ولايات الجمهورية تغرق عند نزول الأمطار، ما هي الأسباب ؟\n\nضعف البنية التحتية\n\nانعدام المتابعة و الصيانة\n\nفساد وقت الانجاز\n\nتصويت نتيجة التصويت\n\nYou already voted this poll before.", "published date": "2021-03-12T11:31:45"}, {"title": "في أول ظهور له منذ صدور الحكم القضائي ضدّه : سامي الفهري يخرج عن صمته", "text": "ولايات الجمهورية تغرق عند نزول الأمطار، ما هي الأسباب ؟\n\nضعف البنية التحتية\n\nانعدام المتابعة و الصيانة\n\nفساد وقت الانجاز\n\nتصويت نتيجة التصويت\n\nYou already voted this poll before.", "published date": "2021-03-14T21:09:10"}, {"title": "في أول ظهور له منذ صدور الحكم القضائي ضده : سامي الفهري يتحدث عن مكان تواجده", "text": "ولايات الجمهورية تغرق عند نزول الأمطار، ما هي الأسباب ؟\n\nضعف البنية التحتية\n\nانعدام المتابعة و الصيانة\n\nفساد وقت الانجاز\n\nتصويت نتيجة التصويت\n\nYou already voted this poll before.", "published date": "2021-03-14T21:07:35"}, {"title": "تسريبات \"الغرف المظلمة \" : محمد عمّار يصف زميله هيكل المكي بالبغل", "text": "ولايات الجمهورية تغرق عند نزول الأمطار، ما هي الأسباب ؟\n\nضعف البنية التحتية\n\nانعدام المتابعة و الصيانة\n\nفساد وقت الانجاز\n\nتصويت نتيجة التصويت\n\nYou already voted this poll before.", "published date": "2021-03-15T14:38:35"}, {"title": "منصة عالمية تكشف عن موعد نهاية فيروس كورونا في تونس", "text": "ولايات الجمهورية تغرق عند نزول الأمطار، ما هي الأسباب ؟\n\nضعف البنية التحتية\n\nانعدام المتابعة و الصيانة\n\nفساد وقت الانجاز\n\nتصويت نتيجة التصويت\n\nYou already voted this poll before.", "published date": "2021-03-16T13:19:09"}, {"title": "ألفة يوسف لقيس سعيد : لا أتحدث مع الجثث !", "text": "ولايات الجمهورية تغرق عند نزول الأمطار، ما هي الأسباب ؟\n\nضعف البنية التحتية\n\nانعدام المتابعة و الصيانة\n\nفساد وقت الانجاز\n\nتصويت نتيجة التصويت\n\nYou already voted this poll before.", "published date": "2021-03-21T12:05:41"}, {"title": "ألفة يوسف لقيس سعيد : لا اتحدث مع الجثث !", "text": "ولايات الجمهورية تغرق عند نزول الأمطار، ما هي الأسباب ؟\n\nضعف البنية التحتية\n\nانعدام المتابعة و الصيانة\n\nفساد وقت الانجاز\n\nتصويت نتيجة التصويت\n\nYou already voted this poll before.", "published date": "2021-03-21T12:07:31"}, {"title": "قريبا .. اطلاق برنامج لإسترجاع الثّلّاجات القديمة واستبدالها بأخرى مقتصدة للطاقة", "text": "ولايات الجمهورية تغرق عند نزول الأمطار، ما هي الأسباب ؟\n\nضعف البنية التحتية\n\nانعدام المتابعة و الصيانة\n\nفساد وقت الانجاز\n\nتصويت نتيجة التصويت\n\nYou already voted this poll before.", "published date": "2021-03-07T14:39:20"}, {"title": "غازي الشواشي يعلن انسحابه من حزب التيار الديمقراطي", "text": "ولايات الجمهورية تغرق عند نزول الأمطار، ما هي الأسباب ؟\n\nضعف البنية التحتية\n\nانعدام المتابعة و الصيانة\n\nفساد وقت الانجاز\n\nتصويت نتيجة التصويت\n\nYou already voted this poll before.", "published date": "2021-03-12T22:22:45"}]}