{"articles": [{"title": "الانتخابات الفلسطينية والمسكوت عنه | صحيفة الخليج", "text": "كاتب من البحرين من مواليد 1956 عمل في دائرة الثقافية بالشارقة، وهيئة البحرين للثقافة والتراث الوطني. وشغل منصب مدير تحرير عدد من الدوريات الثقافية بينها \"الرافد\" و\"البحرين الثقافية\". وأصدر عدة مؤلفات منها: \"ترميم الذاكرة\" و\"خارج السرب\" و\"الكتابة بحبر أسود\".", "published date": "2021-05-04T00:00:00"}, {"title": "الجبل لا يحتاج إلى جبل | صحيفة الخليج", "text": "كاتبة وناقدة إماراتية ومؤلفة لقصص الأطفال وروائية. حصلت على بكالوريوس تربية في الطفولة المبكرة ومرحلة ما قبل المدرسة والمرحلة الابتدائية، في عام 2011 من جامعة زايد بدبي. قدمت لمكتبة الطفل أكثر من 37 قصة، ومتخصصة في أدب اليافعين", "published date": "2021-05-04T00:00:00"}, {"title": "صاحب أشهر ضحكة | صحيفة الخليج", "text": "كاتب من البحرين من مواليد 1956 عمل في دائرة الثقافية بالشارقة، وهيئة البحرين للثقافة والتراث الوطني. وشغل منصب مدير تحرير عدد من الدوريات الثقافية بينها \"الرافد\" و\"البحرين الثقافية\". وأصدر عدة مؤلفات منها: \"ترميم الذاكرة\" و\"خارج السرب\" و\"الكتابة بحبر أسود\".", "published date": "2021-05-05T00:00:00"}, {"title": "ليس من العجيب أن نختلف | صحيفة الخليج", "text": "كاتبة وناقدة إماراتية ومؤلفة لقصص الأطفال وروائية. حصلت على بكالوريوس تربية في الطفولة المبكرة ومرحلة ما قبل المدرسة والمرحلة الابتدائية، في عام 2011 من جامعة زايد بدبي. قدمت لمكتبة الطفل أكثر من 37 قصة، ومتخصصة في أدب اليافعين", "published date": "2021-05-05T00:00:00"}, {"title": "الذكريات الصغيرة | صحيفة الخليج", "text": "كاتب من البحرين من مواليد 1956 عمل في دائرة الثقافية بالشارقة، وهيئة البحرين للثقافة والتراث الوطني. وشغل منصب مدير تحرير عدد من الدوريات الثقافية بينها \"الرافد\" و\"البحرين الثقافية\". وأصدر عدة مؤلفات منها: \"ترميم الذاكرة\" و\"خارج السرب\" و\"الكتابة بحبر أسود\".", "published date": "2021-05-07T00:00:00"}, {"title": "«الاستمارة التربوية» وأبعاد التواصل | صحيفة الخليج", "text": "كاتبة وناقدة سينمائية. حاصلة على إجازة في الإعلام من كلية الإعلام والتوثيق في الجامعة اللبنانية. ساهمت في إصدار ملحق \"دنيا\" لجريدة الاتحاد ومن ثم توليت مسؤولية إصدار ملحق \"فضائيات وفنون\" لصحيفة الخليج عام 2002 فضلا عن كتابتها النقدية الاجتماعية والثقافية والفنية. وشاركت كعضو لجنة تحكيم في مهرجان العين السينمائي في دورته الأولى عام ٢٠١٩", "published date": "2021-05-11T00:00:00"}, {"title": "19 رمضان الإمارات | صحيفة الخليج", "text": "أديب وكاتب وإعلامي إماراتي، مهتم بالنقد الأدبي. يحمل درجة البكالوريوس في إدارة الأعمال، من جامعة بيروت العربية. وهو عضو في اتحاد كُتّاب وأدباء الإمارات، وعضو في مسرح رأس الخيمة الوطني. له عدة إصدارات في الشعر والقصة والمقال والدراسات وأدب التراجم", "published date": "2021-05-11T00:00:00"}, {"title": "مواجهة وجهي التنمر والعجز | صحيفة الخليج", "text": "شغل منصب وزير الصحة ووزير التربية والتعليم سابقاً في البحرين. متخصص في كتابة مقالات في شؤون الصحة والتربية والسياسة والثقافة. وترأس في بداية الألفين مجلس أمناء مركز البحرين للدراسات والبحوث. كما أنه عضو لعدد من المنظمات والمؤسسات الفكرية العربية من بينها جائزة الصحافة العربية المكتوبة والمرئية في دبي\n\n", "published date": "2021-05-13T00:00:00"}, {"title": "الفرح الحزين | صحيفة الخليج", "text": "مؤلفة إماراتية وكاتبة عمود أسبوعي في جريدة الخليج، وهي أول إماراتية وعربية تمتهن هندسة البيئة في الطيران المدني منذ عام 2006، ومؤسس التخصص في الدولة، ورئيس مفاوضي ملف تغير المناخ لقطاع الطيران منذ عام 2011", "published date": "2021-05-16T00:00:00"}, {"title": "نحن البدو | صحيفة الخليج", "text": "كاتب من البحرين من مواليد 1956 عمل في دائرة الثقافية بالشارقة، وهيئة البحرين للثقافة والتراث الوطني. وشغل منصب مدير تحرير عدد من الدوريات الثقافية بينها \"الرافد\" و\"البحرين الثقافية\". وأصدر عدة مؤلفات منها: \"ترميم الذاكرة\" و\"خارج السرب\" و\"الكتابة بحبر أسود\".", "published date": "2021-05-21T00:00:00"}, {"title": "عليكم بالتدوين الصوتي | صحيفة الخليج", "text": "كاتبة وناقدة إماراتية ومؤلفة لقصص الأطفال وروائية. حصلت على بكالوريوس تربية في الطفولة المبكرة ومرحلة ما قبل المدرسة والمرحلة الابتدائية، في عام 2011 من جامعة زايد بدبي. قدمت لمكتبة الطفل أكثر من 37 قصة، ومتخصصة في أدب اليافعين", "published date": "2021-05-21T00:00:00"}, {"title": "الانقسام في زمن الوباء | صحيفة الخليج", "text": "كاتب صحفي، بدأ مسيرته المهنية عام 1983 في صحيفة الأهرام المصرية، وساهم انطلاقة إصداراتها. استطاع أن يترك بصمته في الصحافة الإماراتية حيث عمل في جريدة الاتحاد، ومن ثم في جريدة الخليج عام 2002، وفي 2014 تم تعيينه مديراً لتحرير. ليقرر العودة إلى بيته الأول \" الأهرام\" عام 2019", "published date": "2021-02-07T00:00:00"}, {"title": "مطلوب كشف الأسباب والمسبّبين | صحيفة الخليج", "text": "شغل منصب وزير الصحة ووزير التربية والتعليم سابقاً في البحرين. متخصص في كتابة مقالات في شؤون الصحة والتربية والسياسة والثقافة. وترأس في بداية الألفين مجلس أمناء مركز البحرين للدراسات والبحوث. كما أنه عضو لعدد من المنظمات والمؤسسات الفكرية العربية من بينها جائزة الصحافة العربية المكتوبة والمرئية في دبي\n\n", "published date": "2021-02-11T00:00:00"}, {"title": "ديمقراطية الوباء | صحيفة الخليج", "text": "يشتغل في الإعلام منذ ثلاثة عقود، وعمل في الصحافة المطبوعة والإذاعة والتلفزيون والصحافة الرقمية في عدد من المؤسسات الإعلامية منها البي بي سي وتلفزيون دبي وسكاي نيوز وصحيفة الخيلج. وساهم بانتظام بمقالات وتحليلات للعديد من المنشورات باللغتين العربية والإنجليزية\n\n", "published date": "2021-02-11T00:00:00"}, {"title": "الولايات المتحدة.. الثابت والمتغير | صحيفة الخليج", "text": "أكاديمى وباحث فلسطيني في العلوم السياسية متحصل على الدكتوراه من جامعة القاهرة كلية الاقتصاد والعلوم السياسية، ومتخصص في الشأن السياسى الفلسطيني والخليجي و\"الإسرائيلي\". وفي رصيده عدد من المؤلفات السياسية", "published date": "2021-02-11T00:00:00"}, {"title": "التحليق إلى عالم آخر | صحيفة الخليج", "text": "كاتبة وناقدة سينمائية. حاصلة على إجازة في الإعلام من كلية الإعلام والتوثيق في الجامعة اللبنانية. ساهمت في إصدار ملحق \"دنيا\" لجريدة الاتحاد ومن ثم توليت مسؤولية إصدار ملحق \"فضائيات وفنون\" لصحيفة الخليج عام 2002 فضلا عن كتابتها النقدية الاجتماعية والثقافية والفنية. وشاركت كعضو لجنة تحكيم في مهرجان العين السينمائي في دورته الأولى عام ٢٠١٩", "published date": "2021-03-02T00:00:00"}, {"title": "قراءة إماراتية خمسينية | صحيفة الخليج", "text": "أديب وكاتب وإعلامي إماراتي، مهتم بالنقد الأدبي. يحمل درجة البكالوريوس في إدارة الأعمال، من جامعة بيروت العربية. وهو عضو في اتحاد كُتّاب وأدباء الإمارات، وعضو في مسرح رأس الخيمة الوطني. له عدة إصدارات في الشعر والقصة والمقال والدراسات وأدب التراجم", "published date": "2021-03-02T00:00:00"}, {"title": "هل كان ماركس «ديمقراطياً»؟ | صحيفة الخليج", "text": "أكاديمي ومفكر وكاتب عراقي، وهو نائب رئيس جامعة اللاّعنف وحقوق الإنسان (أونور) في بيروت. له مساهمات متميّزة في إطار التجديد والتنوير والحداثة والثقافة والنقد. يهتم بقضايا الديمقراطية وحقوق الإنسان والمجتمع المدني والأديان، والدساتير والقوانين الدولية والنزاعات والحروب. صاحب نحو 70 كتاباً ومؤلفاً.", "published date": "2021-03-03T00:00:00"}, {"title": "جدل العلاقة الروسية ــ البيلاروسية | صحيفة الخليج", "text": "كاتب وباحث في الشؤون الاستراتيجية، وهو من الخبراء في الصراع الفلسطيني العربي-\"الإسرائيلي\". إضافة إلى أنه روائي وكاتب قصة قصيرة يمتلك 34 مؤلفاً مطبوعاً في السياسة والرواية والقصة القصيرة والشعر وأدب الرحلة. والمفارقة أنه طبيب يزاول مهنته إلى يومنا هذا", "published date": "2021-03-04T00:00:00"}, {"title": "تعايش الوطني مع القومي | صحيفة الخليج", "text": "شغل منصب وزير الصحة ووزير التربية والتعليم سابقاً في البحرين. متخصص في كتابة مقالات في شؤون الصحة والتربية والسياسة والثقافة. وترأس في بداية الألفين مجلس أمناء مركز البحرين للدراسات والبحوث. كما أنه عضو لعدد من المنظمات والمؤسسات الفكرية العربية من بينها جائزة الصحافة العربية المكتوبة والمرئية في دبي\n\n", "published date": "2021-03-04T00:00:00"}, {"title": "بلينكن.. واقعية سياسية | صحيفة الخليج", "text": "أكاديمى وباحث فلسطيني في العلوم السياسية متحصل على الدكتوراه من جامعة القاهرة كلية الاقتصاد والعلوم السياسية، ومتخصص في الشأن السياسى الفلسطيني والخليجي و\"الإسرائيلي\". وفي رصيده عدد من المؤلفات السياسية", "published date": "2021-03-05T00:00:00"}, {"title": "الفقر والجوع في العالم العربي | صحيفة الخليج", "text": "إعلامي وكاتب إماراتي، يشغل منصب المستشار الإعلامي لنائب رئيس مجلس الوزراء في الإمارات. نشر عدداً من المؤلفات في القصة والرواية والتاريخ. وكان عضو اللجنة الدائمة للإعلام العربي في جامعة الدول العربية، وعضو المجموعة العربية والشرق أوسطية لعلوم الفضاء في الولايات المتحدة الأمريكية.", "published date": "2021-03-06T00:00:00"}, {"title": "لبنان بين جمهوريتين | صحيفة الخليج", "text": "دكتوراه في العلوم الإنسانية، ودكتوراه في الإعلام السياسي ( جامعة السوربون) .. أستاذ العلوم السياسية والإعلامية في المعهد العالي للدكتوراه في الجامعة اللبنانية ومدير سابق لكلية الإعلام فيها.. له 27 مؤلفاً وعشرات الدراسات والمحاضرات..\n\n", "published date": "2021-03-06T00:00:00"}, {"title": "مصالحة الذاكرة أم التوبة؟ | صحيفة الخليج", "text": "كاتب من البحرين من مواليد 1956 عمل في دائرة الثقافية بالشارقة، وهيئة البحرين للثقافة والتراث الوطني. وشغل منصب مدير تحرير عدد من الدوريات الثقافية بينها \"الرافد\" و\"البحرين الثقافية\". وأصدر عدة مؤلفات منها: \"ترميم الذاكرة\" و\"خارج السرب\" و\"الكتابة بحبر أسود\".", "published date": "2021-03-07T00:00:00"}, {"title": "السهل الصعب | صحيفة الخليج", "text": "كاتبة وناقدة إماراتية ومؤلفة لقصص الأطفال وروائية. حصلت على بكالوريوس تربية في الطفولة المبكرة ومرحلة ما قبل المدرسة والمرحلة الابتدائية، في عام 2011 من جامعة زايد بدبي. قدمت لمكتبة الطفل أكثر من 37 قصة، ومتخصصة في أدب اليافعين", "published date": "2021-03-07T00:00:00"}, {"title": "الصناعة قاطرة التنمية | صحيفة الخليج", "text": "دبلوماسي وباحث وأديب ومفكر ومؤرخ وكاتب، يمتلك خبرة واسعة في المجالات السياسية والثقافية ألَّف 36 كتابًا تسلط الضوء على بعض القضايا مثل الإصلاح السياسي والفكري القضاء على كل أشكال التمييز ضد الأقليات، والوحدة العربية والتضامن", "published date": "2021-03-09T00:00:00"}, {"title": "«غاندي المسلم» | صحيفة الخليج", "text": "أكاديمي ومفكر وكاتب عراقي، وهو نائب رئيس جامعة اللاّعنف وحقوق الإنسان (أونور) في بيروت. له مساهمات متميّزة في إطار التجديد والتنوير والحداثة والثقافة والنقد. يهتم بقضايا الديمقراطية وحقوق الإنسان والمجتمع المدني والأديان، والدساتير والقوانين الدولية والنزاعات والحروب. صاحب نحو 70 كتاباً ومؤلفاً.", "published date": "2021-03-10T00:00:00"}, {"title": "صور تخطف الأبصار | صحيفة الخليج", "text": "كاتب من البحرين من مواليد 1956 عمل في دائرة الثقافية بالشارقة، وهيئة البحرين للثقافة والتراث الوطني. وشغل منصب مدير تحرير عدد من الدوريات الثقافية بينها \"الرافد\" و\"البحرين الثقافية\". وأصدر عدة مؤلفات منها: \"ترميم الذاكرة\" و\"خارج السرب\" و\"الكتابة بحبر أسود\".", "published date": "2021-03-12T00:00:00"}, {"title": "كاتب المقالةِ، منسيُّ..! | صحيفة الخليج", "text": "مؤلفة إماراتية وكاتبة عمود أسبوعي في جريدة الخليج، وهي أول إماراتية وعربية تمتهن هندسة البيئة في الطيران المدني منذ عام 2006، ومؤسس التخصص في الدولة، ورئيس مفاوضي ملف تغير المناخ لقطاع الطيران منذ عام 2011", "published date": "2021-03-14T00:00:00"}, {"title": "أي أدب إنجليزي؟ | صحيفة الخليج", "text": "كاتب من البحرين من مواليد 1956 عمل في دائرة الثقافية بالشارقة، وهيئة البحرين للثقافة والتراث الوطني. وشغل منصب مدير تحرير عدد من الدوريات الثقافية بينها \"الرافد\" و\"البحرين الثقافية\". وأصدر عدة مؤلفات منها: \"ترميم الذاكرة\" و\"خارج السرب\" و\"الكتابة بحبر أسود\".", "published date": "2021-03-15T00:00:00"}, {"title": "اجعل عاطفتك بقربك | صحيفة الخليج", "text": "كاتبة وناقدة إماراتية ومؤلفة لقصص الأطفال وروائية. حصلت على بكالوريوس تربية في الطفولة المبكرة ومرحلة ما قبل المدرسة والمرحلة الابتدائية، في عام 2011 من جامعة زايد بدبي. قدمت لمكتبة الطفل أكثر من 37 قصة، ومتخصصة في أدب اليافعين", "published date": "2021-03-15T00:00:00"}, {"title": "«المستقبل» بعيون أبنائه | صحيفة الخليج", "text": "كاتبة وناقدة سينمائية. حاصلة على إجازة في الإعلام من كلية الإعلام والتوثيق في الجامعة اللبنانية. ساهمت في إصدار ملحق \"دنيا\" لجريدة الاتحاد ومن ثم توليت مسؤولية إصدار ملحق \"فضائيات وفنون\" لصحيفة الخليج عام 2002 فضلا عن كتابتها النقدية الاجتماعية والثقافية والفنية. وشاركت كعضو لجنة تحكيم في مهرجان العين السينمائي في دورته الأولى عام ٢٠١٩", "published date": "2021-03-16T00:00:00"}, {"title": "السجل البحري الإماراتي | صحيفة الخليج", "text": "أديب وكاتب وإعلامي إماراتي، مهتم بالنقد الأدبي. يحمل درجة البكالوريوس في إدارة الأعمال، من جامعة بيروت العربية. وهو عضو في اتحاد كُتّاب وأدباء الإمارات، وعضو في مسرح رأس الخيمة الوطني. له عدة إصدارات في الشعر والقصة والمقال والدراسات وأدب التراجم", "published date": "2021-03-16T00:00:00"}, {"title": "كم من الجرائم ترتكب في غيابك! | صحيفة الخليج", "text": "شغل منصب وزير الصحة ووزير التربية والتعليم سابقاً في البحرين. متخصص في كتابة مقالات في شؤون الصحة والتربية والسياسة والثقافة. وترأس في بداية الألفين مجلس أمناء مركز البحرين للدراسات والبحوث. كما أنه عضو لعدد من المنظمات والمؤسسات الفكرية العربية من بينها جائزة الصحافة العربية المكتوبة والمرئية في دبي\n\n", "published date": "2021-03-18T00:00:00"}, {"title": "مارس.. والربيع | صحيفة الخليج", "text": "مؤلفة إماراتية وكاتبة عمود أسبوعي في جريدة الخليج، وهي أول إماراتية وعربية تمتهن هندسة البيئة في الطيران المدني منذ عام 2006، ومؤسس التخصص في الدولة، ورئيس مفاوضي ملف تغير المناخ لقطاع الطيران منذ عام 2011", "published date": "2021-03-21T00:00:00"}, {"title": "«كورونا» يكافئ ويعاقب | صحيفة الخليج", "text": "كاتب من البحرين من مواليد 1956 عمل في دائرة الثقافية بالشارقة، وهيئة البحرين للثقافة والتراث الوطني. وشغل منصب مدير تحرير عدد من الدوريات الثقافية بينها \"الرافد\" و\"البحرين الثقافية\". وأصدر عدة مؤلفات منها: \"ترميم الذاكرة\" و\"خارج السرب\" و\"الكتابة بحبر أسود\".", "published date": "2021-03-22T00:00:00"}, {"title": "صحيفة الخليج", "text": "يأتي العديد من المتسوقين إلى الخليج مستعدين للشراء. يمكن أن يساعدك الإعلان في الوصول إلى العملاء الذين يبحثون عن منتجات مثل منتجاتك.", "published date": "2021-03-22T00:00:00"}, {"title": "التزييف العميق | صحيفة الخليج", "text": "إعلامية إماراتية، وهي معدة ومقدمة برامج في مؤسسة دبي للإعلام وكاتبة عمود في إصدارات دورية. حاصلة على ماجستير الآداب في الاتصال الجماهيري من جامعة الشارقة عام 2019. وهي عضو اتحاد كتاب وأدباء الإمارات ومؤلفة", "published date": "2021-03-24T00:00:00"}, {"title": "أسرار الأحجار الكريمة | صحيفة الخليج", "text": "حصلت د.نورة على الدكتوراه في الدراسات الخليجية من معهد الدراسات العربية والإسلامية بجامعة إكستر بالمملكة المتحدة .وماجستر في دراسات شرق أوسيطية بجامعة أريزونا بالولايات المتحدة الأمريكية. ودبلوم خبيرة التسامح الدولي من كلية محمد بن راشد. ومن إصدارات الدكتورة: كتاب بعنوان \"العلاقات بين الإمارات والسعودية\"؛ حاز هذا الكتاب على جائزة العويس للإبداع في 19 أبريل 2017 عن فئة أفضل كتاب نشرته مؤلفة إماراتية. تعمل في أكاديمية الإمارات الدبلوماسية وجامعة زايد وجامعة أبوظبي. لها العديد من المنشورات، كتاباتها تنحصر حول الفنون والثقافة. تعمل حاليًا على كتاب بعنوان \"تأثير الموسيقى في حياتنا\".", "published date": "2021-03-25T00:00:00"}, {"title": "البحث عن أحمد راشد ثاني | صحيفة الخليج", "text": "كاتب من البحرين من مواليد 1956 عمل في دائرة الثقافية بالشارقة، وهيئة البحرين للثقافة والتراث الوطني. وشغل منصب مدير تحرير عدد من الدوريات الثقافية بينها \"الرافد\" و\"البحرين الثقافية\". وأصدر عدة مؤلفات منها: \"ترميم الذاكرة\" و\"خارج السرب\" و\"الكتابة بحبر أسود\".", "published date": "2021-03-30T00:00:00"}, {"title": "مشروع حياة وإنقاذ | صحيفة الخليج", "text": "كاتبة وناقدة سينمائية. حاصلة على إجازة في الإعلام من كلية الإعلام والتوثيق في الجامعة اللبنانية. ساهمت في إصدار ملحق \"دنيا\" لجريدة الاتحاد ومن ثم توليت مسؤولية إصدار ملحق \"فضائيات وفنون\" لصحيفة الخليج عام 2002 فضلا عن كتابتها النقدية الاجتماعية والثقافية والفنية. وشاركت كعضو لجنة تحكيم في مهرجان العين السينمائي في دورته الأولى عام ٢٠١٩", "published date": "2021-03-30T00:00:00"}, {"title": "حمدان بن راشد آل مكتوم | صحيفة الخليج", "text": "أديب وكاتب وإعلامي إماراتي، مهتم بالنقد الأدبي. يحمل درجة البكالوريوس في إدارة الأعمال، من جامعة بيروت العربية. وهو عضو في اتحاد كُتّاب وأدباء الإمارات، وعضو في مسرح رأس الخيمة الوطني. له عدة إصدارات في الشعر والقصة والمقال والدراسات وأدب التراجم", "published date": "2021-03-30T00:00:00"}, {"title": "مفاتيح الكتابة.. أوكسجين العصر | صحيفة الخليج", "text": "دكتوراه في العلوم الإنسانية، ودكتوراه في الإعلام السياسي ( جامعة السوربون) .. أستاذ العلوم السياسية والإعلامية في المعهد العالي للدكتوراه في الجامعة اللبنانية ومدير سابق لكلية الإعلام فيها.. له 27 مؤلفاً وعشرات الدراسات والمحاضرات..\n\n", "published date": "2021-04-03T00:00:00"}, {"title": "الإمارات والصين.. علاقة استراتيجية | صحيفة الخليج", "text": "إعلامي وكاتب إماراتي، يشغل منصب المستشار الإعلامي لنائب رئيس مجلس الوزراء في الإمارات. نشر عدداً من المؤلفات في القصة والرواية والتاريخ. وكان عضو اللجنة الدائمة للإعلام العربي في جامعة الدول العربية، وعضو المجموعة العربية والشرق أوسطية لعلوم الفضاء في الولايات المتحدة الأمريكية.", "published date": "2021-04-03T00:00:00"}, {"title": "المستقبل صار حاضراً | صحيفة الخليج", "text": "كاتبة وناقدة سينمائية. حاصلة على إجازة في الإعلام من كلية الإعلام والتوثيق في الجامعة اللبنانية. ساهمت في إصدار ملحق \"دنيا\" لجريدة الاتحاد ومن ثم توليت مسؤولية إصدار ملحق \"فضائيات وفنون\" لصحيفة الخليج عام 2002 فضلا عن كتابتها النقدية الاجتماعية والثقافية والفنية. وشاركت كعضو لجنة تحكيم في مهرجان العين السينمائي في دورته الأولى عام ٢٠١٩", "published date": "2021-04-06T00:00:00"}, {"title": "في رحاب الخليج | صحيفة الخليج", "text": "أديب وكاتب وإعلامي إماراتي، مهتم بالنقد الأدبي. يحمل درجة البكالوريوس في إدارة الأعمال، من جامعة بيروت العربية. وهو عضو في اتحاد كُتّاب وأدباء الإمارات، وعضو في مسرح رأس الخيمة الوطني. له عدة إصدارات في الشعر والقصة والمقال والدراسات وأدب التراجم", "published date": "2021-04-06T00:00:00"}, {"title": "الخيار لك وحدك | صحيفة الخليج", "text": "كاتبة وناقدة إماراتية ومؤلفة لقصص الأطفال وروائية. حصلت على بكالوريوس تربية في الطفولة المبكرة ومرحلة ما قبل المدرسة والمرحلة الابتدائية، في عام 2011 من جامعة زايد بدبي. قدمت لمكتبة الطفل أكثر من 37 قصة، ومتخصصة في أدب اليافعين", "published date": "2021-04-06T00:00:00"}, {"title": "«رسائل مختومة بطابع المسرّة» | صحيفة الخليج", "text": "كاتب من البحرين من مواليد 1956 عمل في دائرة الثقافية بالشارقة، وهيئة البحرين للثقافة والتراث الوطني. وشغل منصب مدير تحرير عدد من الدوريات الثقافية بينها \"الرافد\" و\"البحرين الثقافية\". وأصدر عدة مؤلفات منها: \"ترميم الذاكرة\" و\"خارج السرب\" و\"الكتابة بحبر أسود\".", "published date": "2021-04-06T00:00:00"}, {"title": "في مواجهة التضليل الإعلامي | صحيفة الخليج", "text": "شغل منصب وزير الصحة ووزير التربية والتعليم سابقاً في البحرين. متخصص في كتابة مقالات في شؤون الصحة والتربية والسياسة والثقافة. وترأس في بداية الألفين مجلس أمناء مركز البحرين للدراسات والبحوث. كما أنه عضو لعدد من المنظمات والمؤسسات الفكرية العربية من بينها جائزة الصحافة العربية المكتوبة والمرئية في دبي\n\n", "published date": "2021-04-08T00:00:00"}, {"title": "الترامبية الإعلامية | صحيفة الخليج", "text": "يشتغل في الإعلام منذ ثلاثة عقود، وعمل في الصحافة المطبوعة والإذاعة والتلفزيون والصحافة الرقمية في عدد من المؤسسات الإعلامية منها البي بي سي وتلفزيون دبي وسكاي نيوز وصحيفة الخيلج. وساهم بانتظام بمقالات وتحليلات للعديد من المنشورات باللغتين العربية والإنجليزية\n\n", "published date": "2021-04-08T00:00:00"}, {"title": "قلبي اطمَأنّ | صحيفة الخليج", "text": "مؤلف وشاعر وخطيب. صاحب كلمات النشيد الوطني الإماراتي، ومن الأعضاء المؤسسين لجائزة دبي للقرآن الكريم. شارك في تأليف كتب التربية الإسلامية لصفوف المرحلتين الابتدائية والإعدادية. يمتلك أكثر من 75 مؤلفا، فضلا عن كتابة 9 مسرحيات وأوبريتات وطنية واجتماعية", "published date": "2021-04-16T00:00:00"}, {"title": "احذر الخوف | صحيفة الخليج", "text": "حصلت د.نورة على الدكتوراه في الدراسات الخليجية من معهد الدراسات العربية والإسلامية بجامعة إكستر بالمملكة المتحدة .وماجستر في دراسات شرق أوسيطية بجامعة أريزونا بالولايات المتحدة الأمريكية. ودبلوم خبيرة التسامح الدولي من كلية محمد بن راشد. ومن إصدارات الدكتورة: كتاب بعنوان \"العلاقات بين الإمارات والسعودية\"؛ حاز هذا الكتاب على جائزة العويس للإبداع في 19 أبريل 2017 عن فئة أفضل كتاب نشرته مؤلفة إماراتية. تعمل في أكاديمية الإمارات الدبلوماسية وجامعة زايد وجامعة أبوظبي. لها العديد من المنشورات، كتاباتها تنحصر حول الفنون والثقافة. تعمل حاليًا على كتاب بعنوان \"تأثير الموسيقى في حياتنا\".", "published date": "2021-04-16T00:00:00"}, {"title": "تاريخ التاريخ | صحيفة الخليج", "text": "كاتب من البحرين من مواليد 1956 عمل في دائرة الثقافية بالشارقة، وهيئة البحرين للثقافة والتراث الوطني. وشغل منصب مدير تحرير عدد من الدوريات الثقافية بينها \"الرافد\" و\"البحرين الثقافية\". وأصدر عدة مؤلفات منها: \"ترميم الذاكرة\" و\"خارج السرب\" و\"الكتابة بحبر أسود\".", "published date": "2021-04-29T00:00:00"}, {"title": "إعادة إنتاج الأخبار الزائفة | صحيفة الخليج", "text": "كاتب من البحرين من مواليد 1956 عمل في دائرة الثقافية بالشارقة، وهيئة البحرين للثقافة والتراث الوطني. وشغل منصب مدير تحرير عدد من الدوريات الثقافية بينها \"الرافد\" و\"البحرين الثقافية\". وأصدر عدة مؤلفات منها: \"ترميم الذاكرة\" و\"خارج السرب\" و\"الكتابة بحبر أسود\".", "published date": "2021-05-24T00:00:00"}, {"title": "فرق بين الرأي والتأليف | صحيفة الخليج", "text": "كاتبة وناقدة إماراتية ومؤلفة لقصص الأطفال وروائية. حصلت على بكالوريوس تربية في الطفولة المبكرة ومرحلة ما قبل المدرسة والمرحلة الابتدائية، في عام 2011 من جامعة زايد بدبي. قدمت لمكتبة الطفل أكثر من 37 قصة، ومتخصصة في أدب اليافعين", "published date": "2021-05-24T00:00:00"}, {"title": "مؤسسات تربوية وسلوكات «لا تربوية» | صحيفة الخليج", "text": "كاتبة وناقدة سينمائية. حاصلة على إجازة في الإعلام من كلية الإعلام والتوثيق في الجامعة اللبنانية. ساهمت في إصدار ملحق \"دنيا\" لجريدة الاتحاد ومن ثم توليت مسؤولية إصدار ملحق \"فضائيات وفنون\" لصحيفة الخليج عام 2002 فضلا عن كتابتها النقدية الاجتماعية والثقافية والفنية. وشاركت كعضو لجنة تحكيم في مهرجان العين السينمائي في دورته الأولى عام ٢٠١٩", "published date": "2021-05-25T00:00:00"}, {"title": "جنسية الفيروس | صحيفة الخليج", "text": "كاتب من البحرين من مواليد 1956 عمل في دائرة الثقافية بالشارقة، وهيئة البحرين للثقافة والتراث الوطني. وشغل منصب مدير تحرير عدد من الدوريات الثقافية بينها \"الرافد\" و\"البحرين الثقافية\". وأصدر عدة مؤلفات منها: \"ترميم الذاكرة\" و\"خارج السرب\" و\"الكتابة بحبر أسود\".", "published date": "2021-05-25T00:00:00"}, {"title": "صالونات ثقافية إماراتية | صحيفة الخليج", "text": "أديب وكاتب وإعلامي إماراتي، مهتم بالنقد الأدبي. يحمل درجة البكالوريوس في إدارة الأعمال، من جامعة بيروت العربية. وهو عضو في اتحاد كُتّاب وأدباء الإمارات، وعضو في مسرح رأس الخيمة الوطني. له عدة إصدارات في الشعر والقصة والمقال والدراسات وأدب التراجم", "published date": "2021-05-25T00:00:00"}, {"title": "خط فاصل هش | صحيفة الخليج", "text": "كاتبة وناقدة إماراتية ومؤلفة لقصص الأطفال وروائية. حصلت على بكالوريوس تربية في الطفولة المبكرة ومرحلة ما قبل المدرسة والمرحلة الابتدائية، في عام 2011 من جامعة زايد بدبي. قدمت لمكتبة الطفل أكثر من 37 قصة، ومتخصصة في أدب اليافعين", "published date": "2021-05-25T00:00:00"}, {"title": "الكتاب يتحدى الجائحة | صحيفة الخليج", "text": "كاتب من البحرين من مواليد 1956 عمل في دائرة الثقافية بالشارقة، وهيئة البحرين للثقافة والتراث الوطني. وشغل منصب مدير تحرير عدد من الدوريات الثقافية بينها \"الرافد\" و\"البحرين الثقافية\". وأصدر عدة مؤلفات منها: \"ترميم الذاكرة\" و\"خارج السرب\" و\"الكتابة بحبر أسود\".", "published date": "2021-05-26T00:00:00"}, {"title": "نصيحة.. لا تتجاهل النصيحة | صحيفة الخليج", "text": "كاتبة وناقدة إماراتية ومؤلفة لقصص الأطفال وروائية. حصلت على بكالوريوس تربية في الطفولة المبكرة ومرحلة ما قبل المدرسة والمرحلة الابتدائية، في عام 2011 من جامعة زايد بدبي. قدمت لمكتبة الطفل أكثر من 37 قصة، ومتخصصة في أدب اليافعين", "published date": "2021-05-26T00:00:00"}, {"title": "كلمتان بقيمة ملايين | صحيفة الخليج", "text": "إعلامية إماراتية، وهي معدة ومقدمة برامج في مؤسسة دبي للإعلام وكاتبة عمود في إصدارات دورية. حاصلة على ماجستير الآداب في الاتصال الجماهيري من جامعة الشارقة عام 2019. وهي عضو اتحاد كتاب وأدباء الإمارات ومؤلفة", "published date": "2021-06-23T00:00:00"}, {"title": "الحوار المباشر أفضل | صحيفة الخليج", "text": "كاتبة وناقدة سينمائية. حاصلة على إجازة في الإعلام من كلية الإعلام والتوثيق في الجامعة اللبنانية. ساهمت في إصدار ملحق \"دنيا\" لجريدة الاتحاد ومن ثم توليت مسؤولية إصدار ملحق \"فضائيات وفنون\" لصحيفة الخليج عام 2002 فضلا عن كتابتها النقدية الاجتماعية والثقافية والفنية. وشاركت كعضو لجنة تحكيم في مهرجان العين السينمائي في دورته الأولى عام ٢٠١٩", "published date": "2021-06-15T00:00:00"}, {"title": "الارتقاء بالمعايير في العناية بالقلب – مستشفى فقيه الجامعى", "text": "نعتمد في مستشفى فقيه الجامعي على نهجٍ متعدد التخصصات لمعالجة المرضى الذي يعانون من أكثر من حالة مرضية. يُعالج قسم أمراض القلب الحالات المرضية التي تتعلق بصحة القلب، مع حالات قليلة تتعلق بأمراض الأوعية الدموية. نُقدِّم الخدمات الطبية للمرضى الذين يعانون من أمراض القلب المختلفة، سواء أكانت حالة طارئة أو مزمنة طويلة الأمد. يترأس القسم طبيب استشاري أول ذو خبرة واسعة في علاج أمراض القلب، مع فريق طبي متخصص من ذوي المهارات العالية والمفعم بالنشاط والحيوية، والتي تتركز مهمته في رعاية المريض، وممارسة الطب القائم على الأدلة. يُقدِّم قسم أمراض القلب المُجهَّز بالأجهزة الحديثة والمتطورة في التشخيص لكلٍّ من المرضى والأطباء الراحة الفائقة والثقة بالنفس، والتي تُسهم في إدارة الحالات وتوفير الرعاية الصحية، مما يساعد على التعافي بشكل أسرع وتحقيق أفضل النتائج.", "published date": "2021-06-17T00:00:00"}, {"title": "دعهُم في خوْفِهِم يتيهُون | صحيفة الخليج", "text": "مؤلفة إماراتية وكاتبة عمود أسبوعي في جريدة الخليج، وهي أول إماراتية وعربية تمتهن هندسة البيئة في الطيران المدني منذ عام 2006، ومؤسس التخصص في الدولة، ورئيس مفاوضي ملف تغير المناخ لقطاع الطيران منذ عام 2011", "published date": "2021-06-06T00:00:00"}, {"title": "صحافة معززة | صحيفة الخليج", "text": "إعلامية إماراتية، وهي معدة ومقدمة برامج في مؤسسة دبي للإعلام وكاتبة عمود في إصدارات دورية. حاصلة على ماجستير الآداب في الاتصال الجماهيري من جامعة الشارقة عام 2019. وهي عضو اتحاد كتاب وأدباء الإمارات ومؤلفة", "published date": "2021-06-02T00:00:00"}, {"title": "استشراق أم استعراب؟ | صحيفة الخليج", "text": "كاتب من البحرين من مواليد 1956 عمل في دائرة الثقافية بالشارقة، وهيئة البحرين للثقافة والتراث الوطني. وشغل منصب مدير تحرير عدد من الدوريات الثقافية بينها \"الرافد\" و\"البحرين الثقافية\". وأصدر عدة مؤلفات منها: \"ترميم الذاكرة\" و\"خارج السرب\" و\"الكتابة بحبر أسود\".", "published date": "2021-06-10T00:00:00"}, {"title": "الصخببين زاويتي نظر | صحيفة الخليج", "text": "​كاتبة ومستشارة في تنمية المعرفة. حاصلة على الدكتوراه في القيادة في مجال إدارة وتنمية المواهب وعضو اتحاد كتاب وأدباء الإمارات ورابطة أديبات الإمارات. أصدرت عدة مجموعات في مجالات القصة القصيرة والرواية والمسرح والبرامج الثقافية والأفلام القصيرة وحصلت على عدة جوائز ثقافية.", "published date": "2021-06-20T00:00:00"}, {"title": "طائرة العقيد | صحيفة الخليج", "text": "كاتب من البحرين من مواليد 1956 عمل في دائرة الثقافية بالشارقة، وهيئة البحرين للثقافة والتراث الوطني. وشغل منصب مدير تحرير عدد من الدوريات الثقافية بينها \"الرافد\" و\"البحرين الثقافية\". وأصدر عدة مؤلفات منها: \"ترميم الذاكرة\" و\"خارج السرب\" و\"الكتابة بحبر أسود\".", "published date": "2021-06-22T00:00:00"}, {"title": "عبدالله الكوبي | صحيفة الخليج", "text": "كاتب من البحرين من مواليد 1956 عمل في دائرة الثقافية بالشارقة، وهيئة البحرين للثقافة والتراث الوطني. وشغل منصب مدير تحرير عدد من الدوريات الثقافية بينها \"الرافد\" و\"البحرين الثقافية\". وأصدر عدة مؤلفات منها: \"ترميم الذاكرة\" و\"خارج السرب\" و\"الكتابة بحبر أسود\".", "published date": "2021-06-24T00:00:00"}]}