{"articles": [{"title": "الحراك الجزائري يحيي الذكرى الثانية لانطلاقه", "text": "Click to expand Image جزائريون يتظاهرون في الجزائر العاصمة لإحياء الذكرى السنوية الثانية للحراك، 22 فبراير/شباط 2021. © 2021 أسوشيتد برس/توفيق دودو\n\nانخفضت أعداد المتظاهرين الذين ملأوا شوارع المدن الجزائرية بمئات الآلاف عند انطلاق \"الحراك\". لكن الآلاف الذين خرجوا في 22 فبراير/شباط، رغم القيود المتعلقة بفيروس \"كورونا\"، لتخليد الذكرى السنوية الثانية للحراك، أظهروا أن الحركة ما زالت على قيد الحياة.\n\nقبلها بأربعة أيام، وصفه الرئيس عبد المجيد تبون بـ\"الحراك الأصيل المبارك\" الذي أنقذ الجزائر، حيث أعلن عفوا رئاسيا عن نحو 60 شخصا سُجنوا بسبب دورهم في الحراك.\n\nخرج المتظاهرون لأول مرة في مختلف أنحاء البلاد في 22 فبراير/شباط 2019، وأعادوا الكرّة كل يوم جمعة إلى أن تفشى فيروس \"كورونا\" بعد عام. انطلق الحراك بادئ الأمر للتصدي لترشح الرئيس عبد العزيز بوتفليقة لولاية خامسة. وبعد إجباره على الاستقالة، طالب الحراك بتنحي النخبة الحاكمة والانتقال نحو حكم أكثر ديمقراطية.\n\nخلال \"الربيع العربي\" قبل عشر سنوات، اضطربت الأوضاع في الجزائر قليلا لكنها لم تطح ببوتفليقة. ومع ذلك، تصدرت البلاد الموجة الثانية من الثورات الشعبية التي عمّت المنطقة ابتداء من 2018.\n\nتسامحت السلطات الجزائرية مع الاحتجاجات في البداية، لكنها قاومت مطالب التفاوض بشأن الانتقال السياسي. وفي منتصف 2019، بدأت بسجن شخصيات بارزة من الحراك بتهم واضح أنها سياسية، مثل \"المساس بسلامة وحدة الوطن\".\n\nتواصلت الاعتقالات مع استعداد السلطات لانتخابات ديسمبر/كانون الأول 2019 الرئاسية، متجاهلة مطالبات بإجراء إصلاحات قبل انتخابات كان الحراك يخشى أن تعيد النظام القديم إلى السلطة.\n\nلم يشهد أي بلد آخر من بلدان \"الربيع العربي\"، بموجته الأولى أو الثانية، مثل هذه التعبئة المتواصلة للاحتجاجات السلمية الواسعة النطاق، وهي مدعاة فخر للجزائريين الذين لم ينسوا العنف السياسي المروع الذي عاشته البلاد في تسعينيات القرن الماضي.\n\nربما لهذا السبب تثني السلطات على الحراك بينما تحاول تعطيله.\n\nبعد فوز تبون في انتخابات عرفت إقبالا ضعيفا للغاية، دعا إلى \"حوار جاد\" مع الحراك وأطلق سراح أكثر من 70 من معتقليه.\n\nلكن عندما انتشر فيروس \"كورونا\" وأوقف الحراك احتجاجاته في الشوارع، أحكمت السلطات قبضتها على الحركة، وسجنت بعض شخصياتها البارزة. بعد ذلك، مع اضطرار النشطاء إلى الانتقال إلى وسائل التواصل الاجتماعي، حاكمت السلطات العشرات منهم لمنشوراتهم السلمية على الإنترنت.\n\nلم يمنع ذلك السلطات من الإشادة بالحراك في ديباجة الدستور الجديد الذي تم تبنيه في نوفمبر/تشرين الثاني 2020، وهو دستور عارضه الكثيرون في الحراك، قائلين إنه لم يُدخل على النظام القمعي إصلاحات تذكر.\n\nيمكن تقديم عربون إصلاح أكثر إقناعا، مثل الإفراج عن العشرات المتبقين من نشطاء الحراك الذين سُجنوا فقط لاحتجاجهم السلمي، ومنهم عبد الله بن نعوم من غليزان. كذلك، يمكن إلغاء جميع القوانين التي تجرم التعبير، التي استُخدمت لسجنهم.", "published date": "2021-02-23T00:00:00"}, {"title": "تونس: الشرطة تعتقل نشطاء \"مجتمع الميم\" وتستخدم العنف ضدهم", "text": "Click to expand Image متظاهرون يتجمعون في ساحة الحبيب بورقيبة في تونس العاصمة، تونس، في 6 فيفري/شباط 2021. © كريم سعدي\n\n(بيروت) – قالت \"هيومن رايتس ووتش\" اليوم إن قوات الأمن التونسية استهدفت المتظاهرين بشكل متكرر، بمن فيهم نشطاء المثليين/ات، ومزدوجي/ات التوجه الجنسي، ومتغيري/ات النوع الاجتماعي، وحاملي/ات صفات الجنسين (مجتمع الميم) في الاحتجاجات. شمل الاستهداف اعتقالات تعسفية، واعتداءات جسدية، وتهديد بالاغتصاب والقتل، ومنع الاتصال بمحام.\n\nوثّقت هيومن رايتس ووتش حالات خصت فيها الشرطة نشطاء مجتمع الميم بسوء المعاملة في المظاهرات. في الوقت نفسه، أساءت منشورات وسائل التواصل الاجتماعي إلى نشطاء مجتمع الميم، وكشفت معلوماتهم الشخصية، بما فيها عناوين المنازل وأرقام الهواتف، وتوجهاتهم الجنسية. شوّه أشخاص أيضا سمعتهم عبر الإنترنت بسبب توجهاتهم الجنسية أو هويتهم الجندرية ونشروا صورهم مرفقة برسائل تحرّض على العنف ضدهم.\n\nقالت رشا يونس، باحثة حقوق مجتمع الميم في هيومن رايتس ووتش: \"نشطاء مجتمع الميم المستمرون في الاحتجاج مرعوبون من أن تستهدفهم قوات الأمن في الاحتجاجات، وتعتقلهم، وتضايقهم دون عقاب. هذه القوات ملزمة بحماية الحق في الاحتجاج السلمي، وليس مضايقة النشطاء الذين ساهمت مشاركاتهم الجريئة في تعزيز سمعة تونس كرائدة إقليمية في حقوق الإنسان\".\n\nتم تقديم الروايات الأخيرة عن الانتهاكات على خلفية تزايد اضطهاد أفراد مجتمع الميم خلال تفشي فيروس \"كورونا\" في تونس، حيث يتم تجريم المثلية الجنسية، بالإضافة إلى القمع المكثف للتنظيم ضمن مجتمع الميم في السنوات الأخيرة.\n\nاندلعت الاحتجاجات، التي بدأت في مناطق عدة في 15 جانفي/يناير 2021 وكانت سلمية إلى حد كبير في أوقات النهار، بسبب تدهور الأوضاع الاقتصادية، وفاقمها الوباء، وغذّاها استخدام الشرطة للقوة المفرطة ردا على ذلك، ما أدى إلى وفاة رجل ووقوع العديد من الإصابات.\n\nقالت إنصاف بوحفص، منسقة برنامج مجتمع الميم في \"محامون بلا حدود\"، لـ هيومن رايتس ووتش إن المنظمة وثّقت أكثر من 1,600 حالة اعتقال، حوالي 30% منهم أطفال، خلال الاحتجاجات. في تقرير راجعته هيومن رايتس ووتش، وثقت المنظمة الظروف غير الصحية والاكتظاظ في مركز احتجاز بوشوشة في تونس، في انتهاك للشروط الرسمية الخاصة بالصحة والتباعد الاجتماعي لمكافحة انتشار فيروس كورونا، وكذلك المبادئ التوجيهية العالمية. يقول التقرير إن الأطفال احتُجزوا مع البالغين، وهو ما يحظره القانون الدولي. ما يزال العديد محتجزين في ظروف تشوبها انتهاكات، ويتعرضون للعنف الجسدي من قبل سلطات السجن.\n\nقابلت هيومن رايتس ووتش عشرة نشطاء حقوقيين من مجتمع الميم قالوا إنهم تعرضوا للانتهاكات من قبل السلطات في حوادث مختلفة، وخمسة محامين مثّلوا بعض الضحايا في هذه القضايا، وناشطا قال إنه فر من البلاد هربا من اضطهاد الشرطة. كما راجعت هيومن رايتس ووتش لقطات على الإنترنت لما يبدو أنه عنف من جانب الشرطة، إضافة لتصريحات لأفراد ومنظمات غير حكومية ومواد مصورة قدمها الضحايا لتوثيق حوادث العنف والمضايقات على الإنترنت.\n\nقال جميع النشطاء الذين تمت مقابلتهم إن الشرطة ضايقتهم لفظيا وهددتهم بالعنف، بما في ذلك ثلاثة هُدِّدوا بالاغتصاب وخمسة بالقتل. قال سبعة إن قوات الأمن اعتقلتهم تعسفيا، وقال ثمانية إنهم تعرضوا للمضايقة على الإنترنت. قال تسعة إنهم تعرضوا للإيذاء الجسدي أثناء الاحتجاجات أو في الاحتجاز التعسفي، وقال ثلاثة إن الشرطة أرهبتهم، وتبعتهم في الشارع، وبحثت عنهم في أحيائهم، ما دفعهم إلى الانتقال.\n\nنتيجة للمضايقات عبر الإنترنت، قال الأشخاص الذين تمت مقابلتهم إنهم شعروا بضرورة مغادرة منازلهم وأحيائهم وحذف حساباتهم على وسائل التواصل الاجتماعي. قال أحد النشطاء إنه فر من البلاد بعد أن احتجزته الشرطة تعسفا وضربته، ونُشر عنوان منزله ورقم هاتفه على الإنترنت.\n\nقال بيان صادر عن رئيس الوزراء هشام مشيشي في 5 فيفري/فبراير إنه التقى بقوات الأمن، وأشاد بـ\"الحرفية العالية التي أبداها أبناء المؤسسة الأمنية، في تعاطيهم مع الاحتجاجات\"، وحذر من محاولات المتظاهرين \"استدراج الأمن إلى مربع العنف\".\n\nقالت رانيا العمدوني (26 عاما)، وهي ناشطة نسوية كويرية )من أحرار الجنس(، لـ هيومن رايتس ووتش: \"لا أشعر بالأمان، حتى في شقتي. جاءت الشرطة تبحث عني في الحي الذي أسكن فيه. حياتي مهددة، وصحتي النفسية تتدهور. الناس يحدقون بي في الشارع ويضايقونني عبر الإنترنت\". قالت إنها تلقت رسالة عبر الإنترنت تقول: \"باش نلاقوك بالمضاهرة ونرعبوك\".\n\nاعتقلت الشرطة ناشطا كويري عمره 23 عاما في 8 فيفري/فبراير، واقتادته إلى مكان لم يُكشف عنه، ثم حرمته من الاتصال بمحام. قال محاميه لـ هيومن رايتس ووتش إن أحد رجال الأمن في \"سجن مرناق\" قام بلكمه بشكل متكرر، وقال: \"سنبقيك هنا لعشر سنوات، وسيكون تعذيبك مهمتنا\". احتُجز الناشط عشرة أيام في زنزانة مكتظة بتهمة \"الاعتداء على موظف عام\" التي تصل عقوبتها إلى عشر سنوات. في 17 فيفري/فبراير، أصدرت المحكمة الابتدائية بتونس حكما بالسجن خمسة أشهر مع وقف التنفيذ في القضية.\n\nاعتُقل/ت ناشط/ة بيني/ة الهوية الجنسية )حامل/ة صفات الجنسين( وكويري/ة، عمره/ا 29 عاما، بشكل تعسفي وتعرض/ت لمضايقات من قبل الشرطة في مظاهرة سلمية، لأنه/ا، حسبما قال/ت، كان/ت يحمل/تحمل لافتة استفزت عون أمن. قال/ت: \"أدركت أنهم [رجال الشرطة] مجرد عصابة من الرجال يمكنهم الاعتداء عليّ جسديا وجنسيا دون عقاب\".\n\nقال سيف عيادي، الأخصائي الاجتماعي في \"دمج للعدالة والمساواة\"، وهي منظمة حقوقية تدافع عن حقوق مجتمع الميم ومقرها تونس: \"تستخدم الشرطة هتافات معادية للمثليين في الاحتجاجات ضدنا، وتصفنا بـ\"المخنثين\" و\"قوم لوط\" الذين يستحقون القتل. ويحاولون استخدام هوياتنا لتشويه سمعة حركة الاحتجاج [العامة]، لكننا نحن الحركة، ومطالبنا متقاطعة\".\n\nأرسلت هيومن رايتس ووتش ودمج رسالة إلى المقررين الخاصين للأمم المتحدة المعنيين بالحق في حرية التجمع السلمي، وتكوين الجمعيات، وحرية التعبير، والخصوصية، بشأن وضع المدافعين عن حقوق الإنسان، وكذلك الخبير المستقل للأمم المتحدة المعني بالحماية من العنف والتمييز على أساس الميل الجنسي والهوية الجنسانية )الجندرية(، والدول الأعضاء في \"الاتحاد الأوروبي\".\n\nحثت المنظمتان المسؤولين على الضغط على الحكومة التونسية لمحاسبة قواتها الأمنية على انتهاكات القانون الدولي وضمان امتناع السلطات عن استخدام أسس غير مبررة، مثل ادعاءات \"أخلاقية\" غامضة، لتقييد الحريات الأساسية للأقليات الجنسية والجندرية، وتقويض الحق في حرية التجمع، وتكوين الجمعيات، والتعبير.\n\nيوفر إنفاذ الحق في الخصوصية، المحمي بموجب الدستور التونسي، ضمانة ضد التمييز على الإنترنت، لا سيما نشر معلومات عن التوجهات الجنسية المفترضة للأشخاص من مجتمع الميم. قالت هيومن رايتس ووتش إن تجريم المثلية الجنسية، بموجب الفصل 230 من \"المجلة الجزائية\"، يعرّض الأشخاص من مجتمع الميم في تونس بشكل خاص لمثل هذا التمييز، الذي قد تؤدي عواقبه إلى النبذ، ​​والطرد من السكن، والفصل من الوظائف.\n\nقالت هيومن رايتس ووتش إن على السلطات التونسية التحقيق في مزاعم عنف الشرطة ضد النشطاء، والإفراج الفوري عن جميع المتظاهرين وإسقاط التهم الموجهة ضدهم بسبب تجمعهم السلمي، أو توجههم الجنسي، أو هويتهم الجندرية. على السلطات اتخاذ التدابير المناسبة لمنع الخطاب الذي يحرض على العنف والمعاقبة عليه.\n\nقالت يونس: \"على السلطات التونسية أن تعلم بأن قمع الشرطة لن يسكت النشطاء الذين لديهم الحق في الاحتجاج السلمي والتنظيم دون ترهيب ودون تدخل رسمي. على مسؤولي الأمم المتحدة وحلفاء تونس الضغط على الحكومة التونسية لوقف هذه الانتهاكات فورا ومحاسبة قوات الأمن\".\n\nمضايقات على الإنترنت، واعتقالات تعسفية، وسوء معاملة أثناء الاحتجاز لدى الشرطة\n\nأحمد التونسي (38 عاما)\n\nقال التونسي، وهو رجل ترانس )عابر النوع الاجتماعي( وناشط في حقوق مجتمع الميم، إنه كان يغادر مقابلة إعلامية في الباساج وسط تونس العاصمة، في 9 فيفري/فبراير، عندما أجبره أعوان الشرطة على ركوب سيارتهم وهاجموه. قال الأعوان للتونسي إنهم رأوه في الاحتجاجات، وشرعوا في ضربه \"من كل جهة\"، على حد قوله. عندما رأوا عدم التوافق بين بطاقة هويته وتعبيره الجندري، شتمه أعوان وسخروا من مظهره.\n\nثم أخذوه إلى مركز شرطة باب السويقة ودعوا رجال شرطة آخرين لمهاجمته. قال إن الشرطة قالوا: \"اتفضلوا تعرفوا على الشاذ اللي يدافع عن قوم لوط \". قال: \"بدأوا يعنفوني ويضربوني، دفعوني على الأرض، وركلوني\". ثم طردت الشرطة التونسي خارج المخفر، وقال: \"قدرت أهرب منهم. كنت في حالة رعب\".\n\nشاهين (23 عاما)\n\nفي 8 فيفري/فبراير الساعة 12:30 ظهرا، اعتقلت الشرطة شاهين، وهو ناشط كويري، في شارع الحبيب بورقيبة، واقتادته إلى مكان لم يُكشف عنه، بحسب محاميه. قال ممثلون قانونيون من \"الرابطة التونسية للدفاع عن حقوق الإنسان\" إنهم اتصلوا بأربعة مراكز احتجاز على الأقل، بالإضافة إلى وزارة الداخلية، للاستعلام عن اعتقال شاهين، لكن المراكز جميعها نفت أنه كان في حوزة الشرطة.\n\nقالت جمعية دمج التي وثقت قضية شاهين إن الشرطة حرمته من الاتصال بمحام. قال محاميه إنه احتجز احتياطيا 24 ساعة في مركز شرطة بوشوشة، ثم نُقل إلى سجن مرناق، شمال شرق تونس العاصمة، حيث احتجز عشرة أيام في زنزانة مكتظة.\n\nقال محامي شاهين إن رجل أمن في سجن مرناق ضرب الأخير بشكل متكرر على وجهه وقال له: \"سنبقيك هنا عشر سنوات، وسيكون تعذيبك مهمتنا\". قال شاهين إن مدير سجن مرناق قال: \"هؤلاء الشواذ ملأوا السجون. يعتقدون أن أصبح لديهم الآن صوت\".\n\nقالت الرابطة التونسية للدفاع عن حقوق الإنسان، ودمج، والمحامي إن الشرطة استجوبت شاهين دون حضور محام، وإنه في غضون 24 ساعة من اعتقاله، أمر وكيل الجمهورية، بناء على محضر الشرطة، باحتجازه بتهمة \"الاعتداء على موظف عام\" أثناء أدائه لواجبه، التي يعاقب عليها بالسجن حتى عشر سنوات. في 17 فيفري/فبراير، أصدرت المحكمة الابتدائية في تونس حكما بالسجن خمسة أشهر مع وقف التنفيذ في قضية شاهين. يخطط المحامون للاستئناف.\n\n\"دامينو\" (29 عاما)\n\nقال/ت دامينو، ناشط/ة كويري/ة بيني/ة الهوية الجنسية، إنه في 26 جانفي/يناير 2021، كان/ت في مظاهرة سلمية في أحد شوارع باردو، قرب البرلمان التونسي، حامل/ة لافتة كتب عليها: \"فاسدة المنظومة من الحاكم إلى الحكومة\". يُظهر مقطع فيديو على \"فيسبوك\" أشخاصا يبدو أنهم أعوان شرطة في ثياب مدنية يبعدون دامينو بالقوة من الاحتجاج.\n\nقال/ت دامينو إن الشرطة اتهمته/ا بـ \"إهانة عون شرطة\"، واقتادته إلى المتاريس بالقرب من مركز للشرطة، وضايقته/ا بسبب هويته/ا البينية، وقالوا: \"سنتصرف فيك كما نريد\". قال/ت دامينو إن أحد الأعوان قال لزميله: \"حاول ألا تترك أثرا عندما تضربها\".\n\nقال لـ هيومن رايتس ووتش: \"شعرت بالرعب لأنني أدركت أنهم مجرد عصابة من الرجال يمكنهم الاعتداء عليّ جسديا وجنسيا دون عقاب\".\n\nقال/ت دامينو إنه منذ ذلك الحين كان أعوان الشرطة نفسهم يتتبعونه/ا في الاحتجاجات وبالقرب من مكان إقامته/ا. قال له أحدهم: \"إذا تظاهرت مرة أخرى، سنجدك ونفعل بك ما هددنا به\".\n\nحمزة نصري )28 عاما(\n\nفي 18 جانفي/يناير الساعة 3 بعد الظهر، اعتقل أعوان من \"الأمن الوطني\" نصري، وهو ناشط في مجال حقوق مجتمع الميم وعضو في دمج، خلال تظاهرة سلمية بتهمتَيْ \"هضم جانب موظف عمومي\" و\"ارتكاب فعل مخلّ بالآداب العامة علنا\"، اللتين يعاقَب عليها بالسجن حتى ستة أشهر، لأنه رفع إصبعه الوسطى بوجه عناصر الشرطة خلال التظاهرة. قال نصري إنّه أمضى ثلاثة أيام في مركز احتجاز بوشوشة، ثم أُفرج عنه مؤقتا بانتظار المحاكمة التي لم يُحدّد موعدها بعد.\n\nمكرم جمام ) 24 عاما(\n\nفي 23 جانفي/يناير، الساعة 4:30 بعد الظهر، كان جمام ونشطاء آخرون، بمَن فيهم العيادي، يغادرون اجتماعا حين هاجمهم أعوان الأمن من الخلف، وضربوهم، وأرغموهم على الصعود إلى مركبة للشرطة، على حدّ قول جمام.\n\nاقتاد الأعوان جمام والعيادي إلى مركز الشرطة السابع في العاصمة تونس، حيث، وفق جمام، أصروا على تفتيش هاتفَيهما واعتدوا عليهما لفظيا عندما رفضا، بما في ذلك مناداتهما بـ \"شواذ\" ومضايقتهما بناءً على توجههما الجنسي المُفترض. قال جمام إنّ الأعوان صوّروهما من دون موافقتهما، ثمّ أفرجوا عنهما من دون تهمة.\n\nفي 30 جانفي/يناير، الساعة 2 بعد الظهر، بعد مشادة كلامية بين المتظاهرين وقوات الأمن، قال جمام إنّ صورته ومعلومات الاتصال به نُشرت على الإنترنت. أضاف أنّه ألغى حساباته على وسائل التواصل الاجتماعي فورا وهرب من تونس، خوفا من استهداف قوات الأمن له وإيذائه. قال لـ هيومن رايتس ووتش إنّه في 2018، احتُجز بتهمة \"اللواط\" بموجب الفصل 230 وسُجن ثلاثة أشهر.\n\nمريم )25 عاما(\n\nقالت \"مريم\" (لم يُستعمل اسمها الحقيقي لحمايتها)، والتي كانت ناشطة في المظاهرات، إنّ أربعة أعوان شرطة اعتقلوها في الشارع في 1 فيفري/فبراير، وكان اثنان منهما يرتديان ملابس مدنية:\n\nزجّوني في سيارة الشرطة، واقتادوني إلى شارع مهجور، وراحوا يضربونني. لكموني على عيني، وصفعوني، وركلوني. أخذوا هاتفي وبعثوا رسائل مهينة إلى أصدقائي وأسرتي. ثمّ دفعوني إلى الشارع.\n\nقالت مريم إنّ معلوماتها الخاصة نُشرت على فيسبوك، بما في ذلك عنوان سكنها ورقم هاتفها. تلقّت عشرات الاتصالات والرسائل الصوتية التي راجعتها هيومن رايتس ووتش وشملت تهديدات بالاغتصاب والقتل، ونعتها بالـ \"عاهرة\" التي \"تستحقّ أن تتعرّض للاغتصاب الجماعي\".\n\nفي 4 فيفري/فبراير، اعتقلها عناصر الشرطة وأخذوها إلى مركز بوشوشة، حيث أمضت الليلة. اتهموها بـ \"هضم جانب موظف عمومي\" بسبب رفع إصبعها الوسطى خلال مظاهرة.\n\nفي مركز الشرطة، جرّدتها شرطيّة من ملابسها وفتّشتها، ثمّ أمرتها بـ \"فتح رجلَيْها\" كي \"تستطيع النظر داخل مهبلها\". قالت مريم: \"حين رفضت، شدّت شعري وضربت رأسي مرارا بالحائط، ثمّ صفعتني وشتمتني\".\n\nقالت: \"أتعرّض للمضايقة في العمل، ويريدني المالك أن أترك المنزل. يرعبني الخروج إلى الشارع وحدي\".\n\nأُفرج عنها مؤقتا في 5 فيفري/فبراير، بانتظار المحاكمة.\n\nرانيا العمدوني )26 عاما(\n\nقالت العمدوني، وهي ناشطة نسوية كويرية، إنّها تعرّضت للمضايقة على الإنترنت، والتنمّر، والتحريض على العنف ضدّها، بما في ذلك تهديدات بالقتل والاغتصاب. رأت هيومن رايتس ووتش العديد من المنشورات، وبعضها أُرفق بصورها، ومعلومات شخصية، وتفاصيل الاتصال بها. قالت إنّ حساباتها على وسائل التواصل الاجتماعي خُرقت مرّات عديدة.\n\nمنذ جانفي/يناير، تلقّت العمدوني مئات الرسائل على فيسبوك، التي راجعت هيومن رايتس ووتش بعضها، وشملت تهديدات لها بسبب نشاطها في مجال حقوق مجتمع الميم والتعبير الجندري. قال رجل في رسالة لعمدوني: \" باش نلاقوك بالمضاهرة ونرعبوك\".\n\nقالت العمدوني:\n\nحياتي مهدّدة. لا أشعر بالأمان، حتى في شقّتي. بحثت عنّي الشرطة في حيّي. سلامتي الجسدية معرّضة للتهديد، وصحتي النفسية تتدهور. يحدّق الناس بي في الشارع ويضايقونني على الإنترنت.\n\nفي 11 جانفي/يناير، بحثت الشرطة عن عمدوني في مكان سكنها، ما دفعها إلى مغادرة حيّها والاختباء، وفق قولها. كما أنّها ألغت حساباتها على وسائل التواصل الاجتماعي منذئذ.\n\n\n\nفي 30 جانفي/يناير، خلال تظاهرة سلمية، ضربها عناصر الشرطة على صدرها، ونعتوها بـ \"الشاذة\" التي \"تدافع عن اللواط\"، وفق قولها. أضافت أنّ الشرطة أطلقت لاحقا الغاز المسيل للدموع على المتظاهرين، بمَن فيهم هي، وضربتهم بالعصي.\n\nفي 6 فيفري/فبراير، قالت العمدوني إنّ مجموعة من الرجال هاجموها بعد أن رفعت علم قوس قزح خلال تظاهرة سلمية في العاصمة تونس. قالت إنّ أعوان الشرطة شاهدوا الهجوم وسخروا منها، لكنّهم لم يتدخّلوا.\n\n\n\n\"تيريزا\")21 عاما(\n\nفي 2 فيفري/فبراير، الساعة 12 بعد الظهر، قالت تيريزا، وهي امرأة ترانس، إنّ عناصر الشرطة ضربوها وسخروا منها خلال تظاهرة من تنظيم الشرطة في العاصمة تونس، بسبب تعبيرها الجندري. قال نشطاء إنّ أعوان قوات الأمن نظّموا تظاهرات عديدة للمطالبة بـ \"إنهاء عنف المتظاهرين ضدّهم وحماية كرامتهم\". راجعت هيومن رايتس ووتش مقطع فيديو يظهر لحظة هجوم العناصر على تيريزا ودفعها أرضا.\n\nقالت:\n\nما كنت بعلم انو هي مسيرة تابعة للشرطة. قال لي واحد عنصر: \"انت مش تبعنا، واحد شاذ بو بلّوطة قذر. انت وكل قوم لوط أمثالك السبب ان الله ما يكرمنا بالشتاء!\" انضموا زملاؤه وبدأوا يضربوني في راسي، رموني على الأرض، وداسوا على راسي، وهم يركلوني وأنا أترجى فيهم يوقفوا. هربت منهم، بس بنرعب أخرج من البيت.\n\n\n\nقمع مكثّف للتنظيم ضمن مجتمع الميم\n\n\n\nقال العيادي إنّ عناصر يعتقد أنّهم من الشرطة اقتحموا منزله في وسط العاصمة في 22 ديسمبر/كانون الأول 2020 في غيابه، وعبثوا بملفاته وأجهزته التي يستخدمها في العمل. لم يأخذوا أيّ حاجيات قيّمة. راجعت هيومن رايتس ووتش صور الشقّة التي أظهرت بابا مخلوعا وملفّات مبعثرة.\n\nفي اليوم نفسه، انتشل عناصر الشرطة أحد موظّفي دمج من الشارع في ساحة برشلونة في العاصمة تونس وضربوه في سيارة الشرطة لإرغامه على إعطائهم معلومات عن نشاطات الجمعية، حسب قوله. بعد ثلاث ساعات من الاستجواب، قال إنّ عناصر الشرطة دفعوه خارج السيارة قرب محطة المترو الخفيف في باب عليوة.\n\nقال موظّفون آخرون في الجمعية لـ هيومن رايتس ووتش إنّ عناصر الشرطة يضايقونهم ويخوّفونهم مرارا في الشوارع أو قرب مكاتب دمج، بما في ذلك استجوابهم حول نشاطات الجمعية.\n\nروى بدر بعبو، مدير دمج، أنّ أشخاصا مجهولين سطوا على منزله في نهج الباشا في العاصمة تونس أربع مرّات منذ 2018، وسرقوا أجهزة إلكترونية، منها أجهزة الكمبيوتر الشخصية وتلك الخاصّة بالعمل. قال بعبو إنّ جيرانه أخبروه أنّ عناصر الشرطة كانوا يراقبون شقّته في مارس 2020 وسألوا المالك وبعض الجيران عن عمله وأماكن تواجده. أضاف أنّ العناصر قالوا للجيران: \"هذه المرّة، التفتيش خفيف، لكن في المرّة المقبلة، سنحرق المنزل\". قال: \"أُضطرّ إلى المبيت في أماكن مختلفة لأنّني لا أشعر بالأمان في أيّ مكان\".\n\nقال بعبو إنّ مكاتب دمج تعرّضت للاقتحام مرّات عديدة، آخرها في ديسمبر 2019، حين جرى خلع المكتب في مدينة صفاقس وأُخذت الملفّات. يعتقد بعبو أنّ عناصر الشرطة على الأرجح كانوا مسؤولين عن الاقتحام لأنّهم كانوا قد هدّدوا بذلك.\n\nانتهاكات متزايدة واضطهاد لأفراد مجتمع الميم\n\nفي 8 ديسمبر، اعتقلت الشرطة التونسية ناشطَيْن من مجتمع الميم خلال تظاهرة سلمية أمام البرلمان التونسي. اقتيدا إلى مركز شرطة باردو، ثمّ نُقلا إلى مركز احتجاز بوشوشة، حيث احتُجزا يومَيْن قبل الإفراج المشروط عنهما على ذمّة التحقيق. وجّه وكيل الجمهورية إليهما تهمة \"تخريب الممتلكات\" التي تصل عقوبتها إلى ثلاث سنوات في السجن، بعد أن \"طرقا على الزجاج الأمامي\" في محاولة لإيقاف نائب في البرلمان كان قد اقتحم حشدا من المتظاهرين السلميين، حسب قولهما.\n\n\n\nفي أكتوبر، هاجم عناصر الشرطة ثلاثة متظاهرين واعتقلوهم، بمَن فيهم نشطاء من مجتمع الميم، كانوا يتظاهرون سلميا ضدّ مشروع قانون يقيّد المحاسبة الجزائية على استعمال القوة المفرطة من قبل أعوان الأمن. اتُهم النشطاء بـ \"التظاهر من دون إذن\" و\"انتهاك قانون الطوارئ\"، وينتظرون محاكمتهم.\n\nفي أوت/أغسطس، اعتدى عناصر الشرطة الذين كانوا يحرسون السفارة الفرنسية في تونس العاصمة جسديا ولفظيا على نشطاء ترانس وحرّضوا المارّة على الهجوم عليهم/ن.\n\nفي جوان/يونيو، حكمت المحكمة الابتدائية في مدينة الكاف على رجلَيْن متّهمَيْن بـ \"اللواط\" بموجب الفصل 230 من المجلّة الجزائية بالسجن عامَيْن، وخُفّض الحكم إلى عام واحد بعد الاستئناف.\n\nقال العيادي إنّ جمعية دمج قدّمت في 2020 المساعدة القانونية لأفراد مجتمع الميم في مراكز الشرطة في 116 قضية، واستجابت لـ 185 طلب استشارة قانونية. قال: \"هذه الأرقام أعلى بخمس مرّات من تلك المسجّلة في 2019، ما يشير إلى ارتفاع مقلق في معدّل اضطهاد أفراد مجتمع الميم في ظلّ تفشي فيروس كورونا\".\n\nقالت المجموعة إنّها، منذ اندلاع الثورة التونسية في 2011، سجّلت 1,458 إدانة تراوحت عقوبتها بين شهر وثلاثة أعوام في السجن، بموجب الفصل 230.\n\n\n\nالتزامات تونس القانونية\n\nالقمع المستمرّ ضد النشطاء في تونس ينتهك حقوقهم الأساسية، منها حقّهم في الخصوصية، والسلامة الجسدية، وحرية التنقّل والتعبير، وتكوين الجمعيات، والتجمّع السلمي، بما في ذلك على الإنترنت، وحقّهم في عدم التمييز ضدّهم وفي الحماية بموجب القانون. تخالف الانتهاكات دستور تونس والمعاهدات الدولية التي هي طرف فيها.\n\nيصون الفصل 37 من الدستور التونسي للعام 2014 الحقّ في \"التظاهر والتجمّع السلميَين\"، كما يحمي هذا الحقَّ \"العهد الدولي الخاصّ بالحقوق المدنية والسياسية\"، و\"الميثاق الأفريقي لحقوق الإنسان والشعوب\"، و\"الميثاق العربي لحقوق الإنسان\"، وتونس دولة طرف في هذه المعاهدات.\n\nيتيح الدستور حضور محامٍ خلال الاستجوابات ويستلزم مثول المعتقلين أمام النائب العام في غضون 48 ساعة وإطلاعهم فورا على سبب اعتقالهم، والسماح لهم بالاتصال بمحامٍ وفرد من أسرتهم. يحظر الدستور أيضا \"التعذيب المعنوي والمادي\".\n\nيعكس دستور تونس للعام 2014 أيضا الحقّ في الخصوصية وعدم التمييز، إذ يلزم الفصل 24 الحكومة على حماية حقوق الخصوصية وعدم انتهاك حرمة المسكن. ينصّ الفصل 21 على أنّ \"المواطنون والمواطنات متساوون في الحقوق والواجبات، وهم سواء أمام القانون من غير تمييز\".\n\nتدعو \"اللجنة الأفريقية لحقوق الإنسان والشعوب\" صراحة الدول الأعضاء، بما فيها تونس، إلى حماية الأقليات الجنسية والجندرية، بما يتوافق مع الميثاق الأفريقي.\n\n", "published date": "2021-02-23T00:00:00"}, {"title": "رسالة مشتركة إلى خبراء الأمم المتحدة والدول الأعضاء في الاتحاد الأوروبي بشأن عنف الشرطة ضد نشطاء مجتمع الميم من تونس", "text": "في 23 فيفري/فبراير 2021كليمان نيالتسوسي فول\n\nالمقرّر الخاص المعني بالحق في التجمّع السلمي وتكوين الجمعيات\n\nآيرين خان\n\nالمقرّرة الخاصة المعنية بحرية الرأي والتعبير\n\nجوزيف كاناتاكي\n\nالمقرّر الخاص المعني بحرية الحق في الخصوصية\n\nماري لولر\n\nالمقرّرة الخاصة المعنية بحالة المدافعين عن حقوق الإنسان\n\nفيكتور مادريغال بورلوز\n\nخبير الأمم المتّحدة المستقل المعني بالحماية من العنف والتمييز القائم على التوجه الجنسي والهوية الجندرية\n\nممثلون عن دول أعضاء في الاتحاد الأوروبي\n\nالموضوع: انتهاكات تستهدف المدافعين عن حقوق الإنسان، بمَن فيهم نشطاء التوجه الجنسي والهوية الجندرية في تونس\n\nنوجّه إليكم هذه الرسالة نيابة عن \"هيومن رايتس ووتش\" و\"جمعية دمج للعدالة والمساواة\"، وهي جمعية مقرّها في تونس، تُعنى بالدفاع عن حقوق المثليين/ات، ومزدوجي/ات التوجه الجنسي، وعابري/ات النوع الاجتماعي (مجتمع الميم)\" لنشر التوعية حول الانتهاكات المرتكبة على يَد قوى الأمن التونسية ضدّ النشطاء في التظاهرات. يشمل ذلك استهداف النشطاء الذين يعملون على قضايا متعلّقة بالتوجه الجنسي والهوية الجندرية، بما ينتهك الدستور التونسي وتدابير الحماية الدولية لحقوق الإنسان.\n\nوثّقت هيومن رايتس ووتش قضايا اعتقلت فيها الشرطة النشطاء تعسّفا خلال التظاهرات، بما في ذلك حالات اعتقل فيها عناصر الشرطة الناس في الشارع، واعتدوا عليهم جسديا، وهدّدوهم بالاغتصاب والقتل، ورفضوا إتاحة الاستشارة القانونية العاجلة للأشخاص قيد الاحتجاز.\n\nقال النشطاء أيضا إنّ أشخاصا ضايقوهم على وسائل التواصل الاجتماعي وهدّدوهم بالعنف القائم على عدم توافقهم الجندري وتوجههم الجنسي المُفترض. قُدّمت هذه الشهادات الأخيرة على خلفية الاضطهاد المتزايد لأفراد مجتمع الميم خلال تفشي فيروس \"كورونا\" والقمع المكثّف للتنظيم ضمن هذا المجتمع في السنوات الأخيرة.\n\nمنذ انطلاق التظاهرات في منتصف جانفي/يناير، والتي كانت سلمية إلى حدّ كبير خلال أوقات النهار، حدّدت المنظمات التونسية اعتقال أكثر من 1,600 شخصا، منهم حوالي 30% من الأطفال، على يَد السلطات خلال التظاهرات حتى اليوم. أفاد المجتمع المدني أيضا عن ظروف غير صحية واكتظاظ في مراكز الاعتقال حيث يُحتجز المتظاهرون، بما ينتهك قواعد الحكومة الخاصّة بالنظافة الشخصية والتباعد الاجتماعي لمكافحة تفشي فيروس كورونا، والإرشادات الدولية. اعتُقل أطفال إلى جانب الراشدين، ولا يزال كثيرون منهم قيد الاحتجاز، وتعرّضوا للعنف الجسدي على يَد سلطات السجن.\n\nوفق نشطاء تحدّثوا إلى هيومن رايتس ووتش، اشتدّ القمع ضدّهم بسبب مشاركتهم في التظاهرات حين نشر أشخاص صورهم على مواقع التواصل الاجتماعي وبدؤوا يهددون باعتقال متظاهرين. ضايق أشخاصٌ النشطاء علنا ونشرت معلوماتهم الشخصية من دون موافقتهم، وفي بعض الحالات، \"فضحت\" التوجه الجنسي لنشطاء في مجتمع الميم. كما لطّخ أشخاص سمعتهم بناءً على توجههم الجنسي أو هويتهم الجندرية في محاولة للتشكيك في مصداقية الحركة الاحتجاجية بشكل عام، ونشر أشخاص صورهم على الإنترنت وأرفقوها برسائل تحرّض على العنف ضدّهم.\n\nنتيجة الكشف عن هويتهم الجندرية المفترضة، أفاد بعض الأفراد باضطرارهم إلى مغادرة منازلهم وأحيائهم وإلغاء حساباتهم على وسائل التواصل الاجتماعي. قال أحد النشطاء إنّه هرب من البلاد بعد أن احتجزه عناصر الشرطة قسرا، وضربوه، وبعد أن نُشرت معلوماته الشخصية على الإنترنت.\n\nوفق بيان نُشر في 5 فيفري/فبراير، التقى رئيس الوزراء هشام المشيشي وأثنى على \"الحرفية العالية التي أبداها أبناء المؤسسة الأمنية، في تعاطيهم مع الاحتجاجات\"، وحذّر من محاولات المتظاهرين لـ \" استدراج الأمن إلى مربع العنف\".\n\nتتبع هذه الانتهاكات المبلّغ عنها خلال التظاهرات حملة قمع مكثّفة على التنظيم ضمن مجتمع الميم في السنوات الأخيرة. أفاد أعضاء من جمعية دمج، بمَن فيهم مديرها بدر بعبو والعامل الاجتماعي سيف العيادي بأنّ أماكن سكنهم ومكاتب الجمعية تعرّضت في مناسبات عديدة في 2018، و2019، و2020، للاقتحام عنوةً في غيابهم، وأقدم دخلاء إلى العبث بملفّات وأجهزة خاصّة بالعمل. كان بعبو والعيادي قد تلقّيا تهديدات مباشرة من الشرطة، ويشتبهان في ضلوع عناصرها في عمليات الاقتحام.\n\nقال موظفون آخرون في دمج لـ هيومن رايتس ووتش إنّهم يتعرّضون مرارا للمضايقة والتخويف من الشرطة، بما في ذلك الاعتداء الجسدي واللفظي والاستجواب حول نشاطات الجمعية قرب مكاتبها وفي الشارع.\n\nوثّقت هيومن رايتس ووتش ودمج انتهاكات متزايدة ضدّ أفراد مجتمع الميم خلال تفشي فيروس كورونا. في ديسمبر 2020، اعتقل عناصر الشرطة التونسية نشطاء من مجتمع الميم خلال تظاهرة سلمية أمام البرلمان التونسي. في أكتوبر/تشرين الأول، هاجمت الشرطة التونسية متظاهرين واعتقلتهم، بمَن فيهم نشطاء من مجتمع الميم كانوا يتظاهرون سلميا ضدّ مشروع قانون يحدّ من المسؤولية الجزائية عن استعمال القوة المفرطة على يَد قوى الأمن. اتُهم النشطاء بـ \"التظاهر من دون إذن\"، و\"انتهاك قانون الطوارئ\"، و\"الاعتداء على عناصر الشرطة\"، لكنهم نفوا هذه الاتهامات. في أوت/أغسطس، اعتدى عناصر للشرطة كانوا يحرسون السفارة الفرنسية في العاصمة تونس جسديا ولفظيا على نشطاء عابري/ات النوع الاجتماعي وحرّضوا المارّة على مشاركتهم بذلك.\n\nتستمرّ السلطات في ملاحقة وسجن الرجال الذين يُفترض أنّهم مثليون بموجب الفصل 230 من \"المجلة الجزائية\"، والذي يعاقب أعمال \"اللواط\" بالسجن حتى ثلاثة أعوام. في جوان/يونيو 2020، حكمت المحكمة الابتدائية في مدينة الكاف على رجلَيْن متّهمَيْن بـ \"اللواط\" بموجب الفصل نفسه من المجلّة الجزائية بالسجن لعامَيْن، وخُفّض الحكم إلى عام واحد بعد الاستئناف. كان الرجلان قد رفضا مطالب الشرطة بإخضاعهما لفحص شرجي، وهي ممارسة فاقدة للمصداقية وتنطوي على انتهاكات تستخدمها السلطات التونسية بشكل روتيني \"لإثبات\" السلوك الجنسي المثلي، رغم قبولها بتوصية تتعلق بإلغاء استعمال الفحوصات الشرجية القسرية أمام \"مجلس حقوق الإنسان التابع للأمم المتحدة\" في 2017.\n\nفي 2020، قدّمت جمعية دمج المساعدة القانونية لأفراد مجتمع الميم في مراكز الشرطة في 116 قضية، واستجابت لـ 185 طلب استشارة قانونية. أفادت الجمعية أنّ هذه الأرقام هي أعلى بخمس مرّات من تلك المسجّلة في 2019، ما يشير إلى ارتفاع معدّل اضطهاد أفراد مجتمع الميم في ظلّ تفشي فيروس كورونا.\n\nينتهك القمع المستمرّ للنشطاء وأفراد مجتمع الميم في تونس حقوقهم الأساسية، بما فيها حقّهم في الخصوصية، والسلامة الجسدية، وحرية التنقّل والتعبير، وتكوين الجمعيات، والتجمّع السلمي، بما في ذلك على الإنترنت، وحقّهم في عدم التمييز ضدّهم وفي الحماية بموجب القانون. تخالف الانتهاكات دستور تونس والمعاهدات الدولية التي هي طرف فيها. يتيح الدستور حضور محامٍ خلال الاستجوابات، كما يحظر \"التعذيب المعنوي والمادي\". تدعو \"اللجنة الأفريقية لحقوق الإنسان والشعوب\" صراحة الدول الأعضاء، بما فيها تونس، إلى حماية الأقليات الجنسية والجندرية، بما يتوافق مع \"الميثاق الأفريقي لحقوق الإنسان والشعوب\".\n\nيقلقنا تحديدا هذا التراجع في بلد شهد تقدّما في الاعتراف بحقوق أفراد مجتمع الميم. في 2018، اقترحت \"لجنة الحريات الفردية والمساواة\" التي عيّنها الرئيس الباجي قائد السبسي إلغاء تجريم المثلية الجنسية ووضع حدّ للفحوصات الشرجية في التحقيقات الجنائية المتعلّقة بالمثلية الجنسية، بالإضافة إلى طروحات أخرى. قدّم نوّاب في البرلمان التونسي أيضا مشروع قانون حول الحريات الفردية دمج طروحات عديدة من اللجنة الرئاسية، بما في ذلك حذف الفصل 230. في 2019، كانت تونس الدولة الوحيدة في الشرق الأوسط وشمال أفريقيا التي صوّتت في مجلس حقوق الإنسان لصالح تجديد ولاية الخبير المستقلّ المعني بالحماية من العنف والتمييز القائم على التوجه الجنسي والهوية الجندرية.\n\nتحثّ هيومن رايتس ووتش وجمعية دمج المكلّفين بولاية في إطار الإجراءات الخاصّة والممثلين عن الدول الأعضاء في الاتحاد الأوروبي على العمل مع الحكومة التونسية لمحاسبة قواتها الأمنية عن انتهاكاتها للقانون الدولي، إذا استمرّت الانتهاكات، والحرص على امتناع السلطات عن استخدام قوانين \"اللواط\" وادعاءات \"الآداب\" المبهمة لتقييد الحريات الأساسية للأقليات الجنسية والجندرية، وتقويض حقوق الجميع في تكوين الجمعيات والتجمّع السلمي والتعبير عن الرأي. كما نحثّكم على ضمان تنظيم المجموعات حول حقوق التوجه الجنسي والهوية الجندرية من دون تدخّل وترهيب رسميَّيْن.\n\nتونس من الدول القليلة المتبقيّة في المنطقة التي تمنح فسحة للتنظيم حول قضايا التوجه الجنسي والهوية الجندرية، وحقوق الإنسان بشكل عام، ويؤسفنا أن نرى تقلّص هذه الفسحة. نؤمن بضرورة حثّ المجتمع الدولي لتونس على احترام التزاماتها الدولية في حقوق الإنسان.\n\nنشكر دعمكم المتواصل، ونرجو ألّا تتردّدوا في الاتصال بنا إذا احتجتم إلى أي معلومات إضافية حول أيّ من المسائل التي طرحناها.\n\nمع فائق الاحترام،\n\nغرايم ريد\n\nالمدير، برنامج حقوق مجتمع الميم\n\nهيومن رايتس ووتش\n\nإريك غولدستين\n\nنائب المدير التنفيذي لقسم الشرق الأوسط وشمال أفريقيا\n\nهيومن رايتس ووتش\n\nبدر بعبو\n\nمدير جميعة دمج", "published date": "2021-02-23T00:00:00"}, {"title": "اليمن: القوات المدعومة من الإمارات تعذب صحفيا", "text": "Click to expand Image عناصر من القوات اليمنية الانفصالية الجنوبية المدعومة من الإمارات يقفون بجانب دبابة خلال مواجهات مع القوات الحكومية في عدن، اليمن، 10 أغسطس/آب 2019. © 2019 رويترز/فواز سلمان\n\n(صنعاء) - قالت \"هيومن رايتس ووتش\" و\"مواطَنة لحقوق الإنسان\" اليوم إن قوات الأمن التابعة لـ \"المجلس الانتقالي الجنوبي\" (المجلس) المدعوم من الإمارات في جنوب اليمن تحتجز تعسفا صحفيا يمنيا منذ 17 سبتمبر/أيلول 2020، على ما يبدو بسبب تقاريره الإخبارية النقدية.\n\nقال مصدر مقرب من الصحفي، عادل الحسني، إن قوات المجلس قيدته بالسلاسل، وهددته، وضربته ليعترف باستخدام عمله كصحفي للتجسس لصالح دول أجنبية. على سلطات المجلس الإفراج الفوري وغير المشروط عن الحسني ما لم تكن قد وُجِّهت إليه تهمة مناسبة معترف بها. عليها التحقيق واتخاذ الإجراءات ضد المسؤولين عن تعذيب الحسني أو إساءة معاملته بأشكال أخرى.\n\nقالت أفراح ناصر، باحثة اليمن في هيومن رايتس ووتش: \"يتعرض عدد متزايد من الصحفيين في مختلف أنحاء اليمن للتهديدات، أو الترهيب، أو العنف، أو الاحتجاز لمجرد قيامهم بعملهم في تغطية أوضاع البلاد. معاملة المجلس الانتقالي الجنوبي الكارثية لعادل الحسني تمعن في تلطيخ السجل الحقوقي المروع للمجلس وداعميه الإماراتيين\".\n\nالحسني (35 عاما) هو صحفي استقصائي، ومنتج، ومساعد للصحفيين الدوليين، يقيم في مدينة عدن الساحلية الجنوبية. في 2009، شارك في تأسيس الموقع الإخباري \"عدن الغد\"، الذي يغطي الأحداث الجارية في عدن وجميع أنحاء اليمن. على مدار حرب اليمن، عمل مع مراسلين مستقلين دوليين ووسائل إعلام كبرى، مثل \"بي بي سي\"، و\"سي إن إن\"، و\"فايس\" (Vice) وغيرها.\n\nعمل مباشرة مع مراسلي سي إن إن، الذين كشفوا في 2019 أن السعودية والإمارات نقلتا أسلحة مشتراة من الولايات المتحدة إلى القوات المرتبطة بـ \"القاعدة\"، وقوات سلفية، وجماعات مسلحة أخرى في اليمن، في انتهاك للاتفاقيات السعودية والإماراتية مع الولايات المتحدة. حصل تقرير سي إن إن، الذي عمل الحسني كأحد المنتجين له، على ترشيحات لجائزتَي \"إيمي\" الإخبارية والوثائقية أواخر عام 2020.\n\nتحدثت هيومن رايتس ووتش مع مصدر لديه معرفة مباشرة بظروف احتجاز الحسني، وكذلك مع ثلاثة من أقاربه، ومحاميه، وأربعة من زملائه الصحفيين. قال المصدر إن قوات المجلس أوقفت الحسني في منتصف النهار تقريبا يوم 17 سبتمبر/أيلول في سيارته عند مدخل عدن الشرقي المعروف بـ \"نقطة العلم\"، واعتقلته.\n\nاقتاده عناصر قوات المجلس إلى نقطة دوفس بأبْيَن، حيث احتجزوه لبضع ساعات بمفرده في غرفة للاستجواب، وقيدوه بالسلاسل وضربوه بأعقاب البنادق. قال المصدر إن المحققين كانوا يرتدون زيا يشير إلى أنهم أعضاء في قوة موالية للمجلس تعرف بـ \"ألوية الدعم والإسناد\".\n\nلاحقا ذلك المساء، نقل عناصر الأمن التابعين للمجلس الحسني إلى مركز احتجاز مختلف وغير معروف، حيث استجوبوه وضربوه، وفقا للمصدر. في 19 سبتمبر/أيلول، نقلت قوات المجلس الحسني إلى بير أحمد، وهو مركز احتجاز غير رسمي في معسكر يسيطر عليه المجلس في مديرية البريقة في عدن، واحتجزته انفراديا حتى 11 أكتوبر/تشرين الأول.\n\nقال المصدر إن الغرفة التي احتُجز فيها الحسني في بير أحمد كانت قذرة، ولا يوجد بها مرحاض أو مياه شرب. أثناء جلسات الاستجواب، كرر عناصر أمن المجلس تهديدهم بقتل عائلة الحسني إذا لم يعترف بالتجسس لصالح دول وجماعات أجنبية. لاحقا، وفي تاريخ غير محدد، أجبر عناصر المجلس الحسني على توقيع وثيقة تحمل اعترافه بأنه جاسوس وتضمنت تفاصيل حول عمله لصالح سي إن إن، وكمساعد لصحفيين دوليين. في 12 أكتوبر/تشرين الأول، نُقل الحسني إلى سجن المنصورة في عدن.\n\nقال أقارب الحسني لـ هيومن رايتس ووتش إنهم لم يتلقوا أي معلومات عنه طيلة 25 يوما بعد اعتقاله رغم البحث والسؤال عنه في أقسام الشرطة ومراكز الاحتجاز في عدن. قالوا إن سلطات مجلس نفت احتجازه، وبالتالي أخفته قسرا. علم أقاربه بمكانه فقط بعد نقله إلى المنصورة.\n\nبموجب القانون الدولي، تنتهك دولة ما حظر الإخفاء القسري عندما تحتجز سلطاتها أو وكلاؤها شخصا ما ثم تنكر احتجازه أو لا تكشف عن مكانه. يتعرض الأشخاص المخفيين بشكل كبير لخطر التعذيب.\n\nلم تسمح سلطات المجلس لزوجة الحسني سوى بزيارات متفرقة.\n\nقال محامي الحسني إن النيابة الجزائية في المجلس كان ينبغي أن تأمر بالإفراج عن الحسني لغياب أدلة مادية على ارتكاب أي جريمة. قال المحامي إن النيابة أخبرته بأنها تلقت أوامر من المجلس ومسؤولين إماراتيين بعدم الإفراج عن الحسني.\n\nكتبت هيومن رايتس ووتش إلى المجلس والسلطات الإماراتية في 5 فبراير/شباط 2021، تطلب معلومات حول اعتقال الحسني ومعاملته رهن الاحتجاز. لم يرد المجلس، بينما اكتفت السلطات الإماراتية بتأكيد استلام الرسالة.\n\nيعتقد المصدر أن اعتقال الحسني ربما كان بسبب اجتماع في أواخر 2018 بين الحسني وضابط مخابرات إماراتي يدعى سعيد المهيري، في مقر التحالف بقيادة السعودية والإمارات في عدن. خلال المقابلة، طلب الحسني معلومات عامة عن دور الإمارات في اليمن لتقرير سي إن إن.\n\nقال المصدر إن المهيري بعث للحسني برسائل نصية تهديدية يحذره فيها من الكشف عن تفاصيل وجود الإمارات في اليمن. يعتقد المصدر أن المجلس أصدر أمرا باحتجاز الحسني لأن السلطات الإماراتية كانت غير راضية عن تقارير سي إن إن. حددت تقارير إعلامية محلية في 2018 المهيري على أنه القائد العسكري للقوات الإماراتية في جنوب اليمن التي نفذت حملة اغتيالات وانتهاكات أخرى.\n\nوثقت هيومن رايتس ووتش العديد من الانتهاكات التي ارتكبتها قوات الأمن المدعومة من الإمارات في جنوب اليمن، منها الإخفاء القسري، والاحتجاز التعسفي، وظروف الاحتجاز اللاإنسانية أثناء تفشي فيروس \"كورونا\". في تقرير صدر في سبتمبر/أيلول 2020، وجد فريق الخبراء البارزين التابع للأمم المتحدة المعني باليمن أن الإمارات تواصل عملياتها الجوية ودعمها للقوات اليمنية المحلية على الأرض في جنوب اليمن، رغم سحبها معظم قواتها البرية في منتصف 2019.\n\nقالت رضية المتوكل، رئيسة مواطَنة لحقوق الإنسان: \"تزعم الإمارات أنها لم تعد ضالعة في النزاع اليمني المسلح، لكن دعمها للقوات المحلية المنتهِكة يجعلها مسؤولة عن تفشي انتهاكات هذه القوات. على الإمارات إنهاء دعمها للقوات التي تمارس الانتهاكات، بدءا بتسهيل الإفراج الفوري عن الحسني\".", "published date": "2021-02-22T00:00:00"}]}