{"articles": [{"title": "تأخر تعبيد مسلك ريفي يمنع عودة الفلاحين لأراضيهم مند العشرية السوداء – الجزائر بوست — جريدة إلكترونية", "text": "جمال الصغير\n\nطالب العديد من الفلاحين ببلدية عين أدن التابعة لدائرة عين سفيزف السلطات المحلية لولاية سيدي بلعباس بالالتفات لمطلبهم الوحيد بتعبيد مسلك فلاحي يبلغ أكثر من 12 كلم يبدأ من قرية عين أدن ويمر على دوار طوالبية وينتهي عند دوار تفاحة،هذه المناطق التي هجرها معظم السكان بسبب العشرية السوداء يحاول مؤخرا الفلاحين العودة إليها والعمل مجددا لكنهم وجدوا عرقلة كبيرة في مسلك الريفي الذي يقع بمنحدرات صعبة لسير السيارات،و هشاشة بعض المساحات وغلق تام عندما تشهد المنطقة القليل من حبات المطر،مما يمنع كليا مرورهم وتفقد أراضيهم التي تعود ملكيتها إليهم، كما أن هذه الأراضي يتواجد فيها أكثر من 4 مزارع فارغة ومدمرة جراء هجرة العائلات بسبب الأزمات الأمنية التي ضربت المنطقة قديما،ومنازل تسكنها عائلات تعيش تحت درجة الصفر من الفقر ،تقع في بيئة غير صالحة للعيش جراء تراكم الأوساخ وتواجد الحيوانات الغير أليفة،مما يشكل خطر كبير على أفراد هذه العائلات.\n\nوقد صرح بعض الفلاحين لجريدة الجزائر بوست،بأن الظروف الحالية تمنعهم من العودة إلى أراضي أبائهم وأجدادهم،لانعدام كل سبل المتاحة للعمل مثل المسلك الريفي الذي لم يتم تعبيده منذ فترة طويلة،مثل غياب الإنارة بسبب سقوط بعد الأعمدة الكهربائية وسرقة أسلاكها،مثل غياب الماء الذي يعتبر هو أساس الحياة الفلاحية،يقول أحدهم ” ننتظر من رئيس الجمهورية عبد المجيد تبون التدخل ومن والي الولاية السيد ليماني مصطفى ، لأن عودة الحياة إلى أراضي تقدر بأكثر من ألف هكتار تعاني إنعاش الفلاحة والمساهمة في اقتصاد بلادنا ”\n\nومن جهة أخرى صرح لنوار جلول رئيس المجلس الشعبي لبلدية عين أذان لجريدة الجزائر بوست حول مطلب الفلاحين بتعبيد المسلك الفلاحي من أجل عودتهم قائلا : ” لقد أعطينا اهتمام كبير وبالغ جدا بخصوص هذا المسلك الريفي الذي يضم عدة مناطق إستراتجية مهمة كونها نائية فلاحية،وقد سجل المشروع عدة مرات بمختلف فترات زمانية متعددة لكن دائما كان يلغى بسبب ظرف قانوني أو حاجة ملحة من طرف السلطات المحلية ”\n\nوأضاف نفس المتحدث:”أحب أن أبشر الفلاحين هو أن تعبيد هذا المسلك الفلاحي قد تم تسجيله السنة الماضية 2020 من طرف مصالح المديرية الولائية للفلاحة،وهذا ما جعلنا نعقد أمل كبير في أن تبدأ أشغال إنجازه هذه السنة ، أما بخصوص الإنارة فهي قد وصلت حتى لدوار طوالبية لكن بسبب التخريب للأعمدة الكهربائية الذي استغل فيه المخربون نزوح الريفي لسكان أيام العشرية السوداء توقفت وستعود مع تعبيد الطريق ”\n\nجمال الصغير\n\nالمصدر : http://aljazairpost.com/?p=3920", "published date": "2021-02-24T21:23:46"}, {"title": "جمعية فرج الخيرية تنجح في خلق مناقشة علمية حول الجريمة الإلكترونية – الجزائر بوست — جريدة إلكترونية", "text": "احتضنت ثانوية بلقندوز الطيب ببلدية ابن باديس،القافلة التحسيسة للحد من الجريمة الإلكترونية تحت شعار شبح افتراضي لواقع إجرامي في طبعته السادسة تحت رعاية جمعية فرج الخيرية المعروفة في سيدي بلعباس بتنوع مواضيعها ونشاطاتها وتركيزها على المجال العلمي أكثر من العصامي،كون أن كل طاقم مكتبها الولائي يحملون شهادات عليا ويحاولون بقدر المستطاع تطوير العمل الجمعوي ليتوافق مع العصرنة الموجودة .\n\nهذه الندوة الفكرية التي وجهت إلى تلاميذ ثانوية بلقنذوز الطيب كانت بالتنسيق مع مديرية التربية لولاية سيدي بلعباس،وقد حضرها أوليائهم والمؤطرين التربويين،خصوصا أن لب الموضوع تمثل في خطورة الاستعمال السيئ والمفرط للانترنت،الذي ينجم عنه عدة أضرار صحية واجتماعية وممكن حتى اقتصادية وأمنية ، ما جعل الجميع يركز على كل كلمة من المتداخلين الذين ثم إختيارهم بدقة كبيرة جمعوا بينا بين القانون وتكريسه بعناية كبيرة،ومن جهة النفسية وأمورها والتحكم فيها بإرشادات أهل الاختصاص ، ومن نمط الديني أيضا كان حاضرا للحديث عن شرعية هذه الجرائم.\n\nافتتح الندوة مدير ثانوية بلقنذوز الطيب بعد ألقى كلمة طيبة رحب فيها بالضيوف،وعبر عن مدى ارتياحه لهذا الموضوع المهم والذي أصبح شبح يطارد العديد من أبنائنا،لتتفضل بعده السيدة فراح نعيمي رئيسة جمعية فرج الخيرية التي كانت متنوعة ومختصرة ومفيدة شرحت فيها للحضور القافلة التحسيسية وفكرتها، بعدها قدم الشاب أحمد بلقاسم إبراهيم الصاعد والذي كتب إسمه بأحرف من الذهب في رواق المحاكم بالدفاع عن المظلومين ، ورئيس منتدى الوطني لشباب بتقديم محاضرة عنوانها الآليات القانونية للحد من الجريمة ، وقد شهدت الندوة حضور الحاج طاهر زهير النائب العام المساعد لدى مجلس القضاء بسيدي بلعباس والذي قدم محاضرة حملت عنوان :” مكافحة الجريمة الإلكترونية في التشريع الجزائرية ”،وأيضا تدخل الأخصائية النفسية السيدة بناني زليخة بمداخلة تحت عنوان ”التأثير النفسي للاستعمال المفرط للانترنت”،بعدها تدخل الشيخ الإمام بلقادي ميلود بمداخلة تحت عنوان الحكم الشرعي للجريمة الإلكترونية ومخاطرها، وقد قسمت جمعية فرج الخيرية مطويات لقائدة التلاميذ تتضامن نصائح قيمة،ومطويات خاصة بالهيئة الوطنية لحماية وترقية الطفولة الخاصة بالأخطار عن الرقم الأخضر 1111.في جو جميل جدا\n\nوفي نهاية المداخلات شهدت قاعة المحاضرات نوع من الاحترافية قدمها تلاميذ الأقسام النهائية بثانوية بلقنذوز الطيب،حينما قاموا بمناقشة ما قدمه الأساتذة الأفاضل بحجج علمية،جعلتنا الجميع يدرك أن ذهنيات العالية مازالت متواجد في قطاع التربية، والفضل يعود إلى جمعية فرج الخيرية التي نجحت في خلق مناقشة علمية كبيرة.\n\nالمصدر : http://aljazairpost.com/?p=3927", "published date": "2021-02-26T14:10:44"}, {"title": "العثور على 3 أشخاص مفقودين منهم شخصين متوفيين بقالمة – الجزائر بوست — جريدة إلكترونية", "text": "عثرت مصالح الحماية المدنية بولاية قالمة، على 3 أشخاص بمغارة متى كولمة ،كانوا مفقودين مند مدة.\n\nوحسب بيان الحماية المدنية، فإن العملية تمت في حدود الساعة الثالثة و27 دقيقة، في بلدية بن جراح، دائرة قالمة.\n\nوأضاف البيان من ذات المصلحة، أن الحماية عثرت على شخصين متوفيين وثالثهم في حالة صدمة.\n\nالمصدر : http://aljazairpost.com/?p=3953", "published date": "2021-02-27T12:48:45"}, {"title": "باحث في جامعة السوربون يكشف اللغز الخاص بصورة الشهيد زيغود يوسف بعد تداولها بشكل واسع – الجزائر بوست — جريدة إلكترونية", "text": "– قدم الباحث في التاريخ المعاصر بجامعة الانتماء السوربون ، رياض شروانة ، توضيحات بخصوص صورة الشهيد زيغود يوسف التي عرفت إنتشارا عبر مواقع التواصل الإجتماعي .\n\nلاقت صورة الشهيد يوسف زيغود التي استخرجها الاعلامي بلال جعفر من شريط الحوار الذي أجراه البروفيسور علاوة عمارة مع الصحافية حياة قربوع بالقناة الإذاعية الثالثة تجاوبا كبيرا في شبكات التواصل الاجتماعي.\n\nو قال الباحث في منشور على صفحته في الفايسبوك “للتوضيح فقط فقد استخرجنا هذه الصورة من الأرشيف الفرنسي منذ أزيد من ثمان سنوات ونشرها البروفيسور علاوة عمارة في الطبعة الثانية من دراسته الموسومة ب” المسيرة النضالية والثورية للشهيد القائد محمد الصالح ميهوبي المعروف ببلميهوب الصادرة في عام 2017، ونقلتها عنه الكثير من مواقع الأنترنت”.\n\nو اضاف “أما الجديد في هذه الصورة فقد استخدمنا تقنية تصوير عالية الدقة خلال عملنا بالأرشيف في نهاية جانفي 2020، مما جعلها بالشكل الذي وردت به في الشريط”.\n\nو ذكر الباحث أن الصورة أُخدت ليوسف زيغود في مدينة عنابة بتاريخ 26 أفريل 1950 بمناسبة ايداعه السجن بعدما اعتقلته شرطة الاستعلامات العامة للاحتلال في ظهيرة يوم 21 مارس 1950 ببلدة السمندو التي تحمل اسمه اليوم. ونعد القراء بصور نادرة وحصرية عن يوسف زيغود ورفاقه في الكتاب الذي أنا بصدد انجازه برفقة البروفيسور علاوة عمارة. المجد والخلود لشهدائنا الأبرار\n\nالمصدر : http://aljazairpost.com/?p=4011", "published date": "2021-02-28T14:01:53+00:00"}, {"title": "البروفيسور رحال: \"هذا ما كشفته التحقيقات الأولية حول تفشي فيروس كورونا المتحوّر\" – الجزائر بوست — جريدة إلكترونية", "text": "– قال المدير العام للهياكل الصحية وعضو لجنة رصد ومتابعة تفشي فيروس كورونا البروفيسور، إلياس رحال، بأن النسخة المتحورة لفيروس كورونا إلى أشخاص أخرى لم تنتقل إلى حد الساعة إلى أشخاص آخرين وفق نتائج التحقيقات الوبائية الأولية، مشيرا لدى نزوله ضيفا على برنامج ” ضيف الصباح ” بالقناة الإذاعية الأولى إلى أن ” اللجنة العلمية باشرت تحقيقاتها بعد أن أعلن معهد باستور عن اكتشاف حالتين من السلالة البريطانية الجديدة لفيروس كورونا بالجزائر، حيث قامت بعزل الشخصين ومباشرة التحقيقات الوبائية ولحد الساعة لم توجد دلائل على إنتشار العدوى” مضيفا في ذات السياق بأنه ” تم اكتشاف هاتين السلالتين المتغيرتين لدى أحد مستخدمي قطاع الصحة على مستوى مستشفى الصحة العقلية بالشراقة وكذا مهاجر عائد من فرنسا لحضور مراسم دفن والده”\n\nوأضاف رحال بأنه ” إذا تم إحترام الإجراءات الوقائية والبروتكولات الصحية في كل الأماكن لن تشكل هذه السلالة الجديدة خطر على المواطنين” وفق ماجاء في ذات المصدر.\n\nوبخصوص عمليات التلقيح ذكر المتحدث بأنه ” تم اقتناء 50 ألف جرعة من اللقاح الروسي و200 ألف جرعة من اللقاح الصينيوفي أواخر شهر فيفري وبداية شهر مارس سيتم اقتناء لقاحات أخرى بعدد أكبر”، مؤكدا بأن الهدف هو الوصول إلى تلقيح 70 بالمائة من المواطنين لاكتساب مناعة جماعية وللقضاء نهائيا على جائحة كوفيد 19، وعن غلق المجال الجوي، أشار عضو لجنة رصد ومتابعة تفشي فيروس كورونا بان الأمر ضروري لحماية المواطنين ومنع دخول السلالة الجديدة من فيروس كورونا.\n\nالمصدر : http://aljazairpost.com/?p=4007", "published date": "2021-02-28T12:20:55+00:00"}, {"title": "أول مسلم يتولى زعامة حزب سياسي كبير في بريطانيا – الجزائر بوست — جريدة إلكترونية", "text": "انتخب أنس سروار زعيماً جديداً لحزب العمال الاسكتلندي، ليحل محل ريتشارد ليونارد الذي قاد الحزب لمدة ثلاث سنوات.\n\nويأتي تولي عضو البرلمان الاسكتلندي عن مدينة غلاسكو قبل أقل من ثلاثة أشهر على موعد إجراء الانتخابات البرلمانية المقبلة.\n\nوكان أنس سروار قد أصبح عضواً في حزب العمال الاسكتلندي وهو في سن 16 عاماً.\n\nكما أن والده محمد سروار، كان أول نائب مسلم في تاريخ المملكة المتحدة على الإطلاق واحتفظ بالمقعد المخصص لوسط غلاسكو عن حزب العمال في الفترة ما بين 1997 و 2010- إلى أن خلفه ابنه أنس.\n\nوعمل أنس سروار، الذي تخرج من جامعة غلاسكو، طبيب أسنان في منطقة بيزلي لمدة خمس سنوات قبل أن يصبح عضواً في البرلمان.\n\nالمصدر : http://aljazairpost.com/?p=4001", "published date": "2021-02-28T11:00:53+00:00"}, {"title": "منع استيراد 13 منتج فلاحي لحماية الإنتاج الوطني – الجزائر بوست — جريدة إلكترونية", "text": "حددت وزارة التجارة المنتجات الفلاحية الممنوعة من الاستيراد خلال موسم إنتاجها ومدة التعليق الخاصة بها تطبيقا لتعليمات الوزير الأول لحماية المنتوج الوطني ويتعلق الامر بـ 13 منج فلاحي.\n\nووجهت وزارة التجارة مراسلة إلى وزارة المالية تخص “تعليق استيراد المنتجات الفلاحية ” و أوضحت المراسلة التي تحمل رقم 336 ، المؤرخة في 24 فيفري ،تحوز “البلاد.نت” على نسخة منها ،أنه تطبيقا لتعليمة الوزير الأول المتعلقة بالحضر الكلي على استيراد بعض المنتجات الفلاحية خلال مواسم الجني، بغرض حماية أفضل للإنتاج الوطني، و بناء على إرساليات وزارة الفلاحة والتنمية الريفية المتضمنتين قائمة تصحيحة لرزنامة حملات جني الفواكه وقائمة البنود التعريفية الجمركية للمنتجات موضوع الحضر، تم تحديد المنتجات الفلاحية موضوع الحضر عند الاستيراد أي الممونعة من الاستراد، بغرض توجيه المصالح المعنية للجمارك وبنك الجزائر للتكفل الأمثل بالتعليمات الصادرة في هذا الشأن.\n\nوحددت الوزارة الوصية المنتوجات موضوع الحضر عند الاستيراد بـ:\n\n-الحمضيات من 1 أكتوبر إلى 30 جوان\n\n-المشمش من 1 افريل الى 31 جويلية\n\n-الكرز من 1 ماي الى 31 جويلية\n\n-الخوخ من 1 ماي إلى 31 أوت\n\n-البرقوق من 1 جوان إلى 30 سبتمبر\n\n-العنب من 1 جوان الى 30 نوفمبر\n\n-الإجاص من 1 جوان إلى 29 فيفري\n\n-التفاح من 1جوان إلى 31 مارس\n\n-اللوز من 1 جوان إلى 31اوت\n\n-التين من1 جوان إلى 31 أوت\n\n-الرمان من 1 سبتمبر إلى 29 فيفري\n\n-الزعرور من 1 افريل إلى 30 جوان\n\n-السفرجل من 1 أكتوبر إلى 30 نوفمبر\n\nالمصدر : http://aljazairpost.com/?p=3995", "published date": "2021-02-28T10:13:14+00:00"}, {"title": "سونلغاز.. أكثر من 98 بالمائة نسبة تغطية الكهرباء عبر التراب الوطني – الجزائر بوست — جريدة إلكترونية", "text": "قال الرئيس المدير العام لمجمع سونلغاز، اليوم الأحد، إن نسبة التغطية بالكهرباء بلغت أكثر من 98 بالمائة عبر التراب الوطني.\n\nوأضاف شاهر بولخراص، أن نسبة التغطية بشبكة الغاز من جهتها، بلغت أكثر من 65 بالمائة.\n\nوأوضح، بولخراص في تصريح للتلفزيون العمومي، أن البرامج متواصلة بوتيرة أسرع، ومن بينها مناطق الظل.\n\nوأفاد المتحدث، أن الجزائر تملك 300.000 كلم من شبكات الكهرباء، وكثر من 150000 شبكة غاز.\n\nوأشار المدير العام لسولغاز، إلى أن الجزائر مستقبلا ستنجز محطات التحويل الكهربائي والتوزيع، ليكون البلد مرجعا فعليا على المستوى القاري.\n\nوعن جائحة كورونا، قال المتحدث، إن كان لها أثر كبير، على المستوى المالي والمؤسساتي والصحي.\n\nوأردف المسؤول ذاته، أن رغم الجائحة، سجلت المؤسسة خلال السداسي الثاني، ربط 3000 بالكهرباء والغاز.\n\nكما تم ربط 33 ألف أسرة بالكهرباء، و100 ألف أسرة بالغاز، مشيرا على 10 آلاف أسرة سيتم ربطها بالكهرباء والغاز.\n\nوأضاف شاهر بولخراص، أن القطاع درس 3880 طلب لربط المستثمرات الفلاحية، والتي انجز منها 70 بالمائة\n\nالمصدر : http://aljazairpost.com/?p=3992", "published date": "2021-02-28T09:19:27+00:00"}, {"title": "بايدن سيكشف يوم الأثنين تفاصيل مقتل جمال خاشقجي – الجزائر بوست — جريدة إلكترونية", "text": "قال الرئيس الأمريكي جو بايدن يوم السبت إن إدارته ستصدر إعلانا يوم الاثنين عن المملكة العربية السعودية في أعقاب تقرير المخابرات الأمريكية الذي خلص إلى أن ولي العهد محمد بن سلمان وافق على قتل الصحفي جمال خاشقجي\n\nوواجهت إدارة بايدن انتقادات، لا سيما من صحيفة واشنطن بوست التي رأت في افتتاحيتها أنه كان ينبغي على الرئيس أن يبدي صرامة أكثر تجاه ولي العهد السعودي الذي لم تُفرض عليه عقوبات على الرغم من إلقاء اللوم عليه في الموافقة على مقتل الصحفي السعودي.\n\nوحين سئل بايدن عن معاقبة محمد بن سلمان، أجاب الرئيس “سيصدر بيان يوم الاثنين يتعلق بما سنفعله مع السعودية بشكل عام”.\n\nولم يقدم بايدن تفاصيل حول هذا البيان.\n\nالمصدر : http://aljazairpost.com/?p=3986", "published date": "2021-02-28T05:45:48+00:00"}, {"title": "ولاية جزائرية تبادر بإنشاء تطبيق إلكتروني مضاد للبيروقراطية – الجزائر بوست — جريدة إلكترونية", "text": "استحدثت السلطات الولائية بغليزان تطبيقا الكترونيا جديدا مضادا للبيروقرطية يمكن من الإطلاع على كل القرارات والإجراءات الإدارية ومتابعة كل صغيرة وكبيرة لتفادي التأخر وحالة الإحتقان وتحمل المسؤوليات حسب ما اورده بيان في نشر في الصفحة الرسمية للولاية على الفايسبوك .\n\nو حسب البيان فقد تم مساء أمس الأحـــد 28 فيفــري 2021 بديوان والي والي الولاية عرض التطبيقة الالكترونية لمحاربة البروقراطيــــة التي أمر الوالي باستحداثها عقب اطلاعه على بعض المشاكل والعراقيل البيروقراطية الممارسة من قبل بعض المصالح الإدارية، حيث أمر مديرية المواصلات السلكية واللاسلكية بالولاية من أجل السهر على استحداثها.\n\nوقال والي غليزان “مولاتي عطا الله ” أن الهدف من إستحداث هذه التطبيقـــة الإلكترونية هو؛ معالجة الملفات لتفادي التأخر والإحتقان لدى الأشخاص الطبعيين والأشخاص المعنوية ومن خلالها تساعد على تحديد الأولويات ومراقبة مامـــدى كفاءة الإطارات على تأدية المهام الموكلة إليهم وما مدى تجاوب الإدارات وتحكمها في تأدية مهامها . وأضاف والي غليزان بالقول أن هذه التطبيقة الالكترونية هي بمثابة الية جديدة لمتابعة الملفات والتي من شأنها المساعدة في إتخاذ القرار.\n\nوسبق وان انتقد والي غليزان أداء بعض المصالح الإدارية لإفراطها في تعطيل مصالح الولاية والمواطنين من خلال ممارسة البيروقراطية التي وصفها بغير البريئة أحيانا وقلة الكفاءة في بعض الأحيان ما تسبب فيحالة من الإحتقان والتذمر لدى المواطنين في غالب الأحيان.\n\nالمصدر : http://aljazairpost.com/?p=4020", "published date": "2021-03-01T07:56:13"}, {"title": "4 وفیات بسبب التقلبات الجوية في الشلف – الجزائر بوست — جريدة إلكترونية", "text": "تسببت التقلبات الجوية التي عرفتھا ولاية الشلف مساء الیوم السبت في حادث خطیر أودى بحیاة 4 أشخاص بینھم طفل، بعد أن جرفت میاه وادي مكناسة ببلدية الشلف 3 سیارات على إثر التساقط الغزير للأمطار.\n\nوحسب ما أكدته مصالح الحماية المدنیة فقد أودى الحادث بحیاة امرأتان ورجل و طفل، حسب حصیلة أولیة.\n\nكما أشارت إلى أن حركة المرور متوقّفة على مستوى الطريق الرابط بین الشرفة و بلدية أولاد بن عبد القادر و الطريق السیار شرق – غرب ( المقطع من محوّل وادي سلي إلى محول المصالحة ببلدية الشلف )، سبب تجمع میاه الأمطار.\n\nّ وقالت ذات المصالح إنھا سخرت إمكانیاتھا في عین المكان من أجل الإنقاذ و البحث عن الضحايا المحتمل جرفھم بمیاه الوادي.\n\nالمصدر : http://aljazairpost.com/?p=4064", "published date": "2021-03-06T18:28:58"}, {"title": "الأرصاد الجوية تحذر من أمطار رعدية في هذه الولايات – الجزائر بوست — جريدة إلكترونية", "text": "أعلنت مصالح الأرصاد الجوية في تنبيه لها ، أن عدة ولايات ستعرف تساقط أمطار رعدية غزيرة جدا\n\nوالتي ممكن تصل كميتها لحد 30 ملم محليا بداية من الساعة الثالثة زوالا إلى غاية الساعة التاسعة ليلا.\n\nنفس المصدر أكد أن الولايات المعنية الشلف، البليدة، البويرة، الجزائر العاصمة، تيزي وزو، بومرداس، تيبازة، المدية وعين الدفلى.\n\nالمصدر : http://aljazairpost.com/?p=4067", "published date": "2021-03-07T07:18:53"}, {"title": "وزراء الداخلية، الموارد المائية، التجارة والتضامن يحلون بولاية الشلف للوقوف على خسائر فيضانات وادي مكناسة – الجزائر بوست — جريدة إلكترونية", "text": "سيتنقل وفد وزاري يضم كل من وزير الداخلية والجماعات المحلية كمال بلجود ،وزير الموارد المائية كمال ميهوبي، وزير التجارة كمال رزيق ، وكذا وزيرة التضامن الوطني كوثر كريكو إلى ولاية الشلف للوقوف على الخسائر التي خلفتها فيضانات واد مكانسة بولاية الشلف التي خلفت سبعة قتلى حسب حصيلة مصالح الحماية المدنية، بحسب ما كشفه والي ولاية الشلف لخضر سداس في تصريح لقناة البلاد.\n\nالمصدر : http://aljazairpost.com/?p=4086", "published date": "2021-03-07T12:53:18"}, {"title": "رسالة إلى السيد ليماني مصطفى والي ولاية سيدي بلعباس – الجزائر بوست — جريدة إلكترونية", "text": "جمال الصغير\n\nفي البداية حضرة الوالي\n\nذات يوم استقبل الدكتور عبد الرزاق قسوم رئيس جمعية المسلمين سفير دولة فلسطين بالجزائر ، للحديث عن الإعانات التي يحضر فيها طاقم الجمعية من أجل مساعدة غزة في الشتاء ، فسأله سفير فلسطين من باب الفضول هل هذا مقر جمعية المسلمين أم أنه مجرد مكتب،فخجل الدكتور أن يقول ليس لجمعية علماء المسلمين مقر، لأن هذه الإجابة رغم أنها حقيقة ستكون عبارة عن إهانة للبلاد،فقال له هناك مقر كبير حاليا هو في طور الإنجاز، يا سبحان الله فضل أن يكذب عليه على أن يأخذ دور شاكي عند شخص ليس جزائري،..نفس الحكاية حدثت معي وأنا أحضر الذكرى الخامسة لمكتب كافل اليتيم بسيدي بلعباس بدار الثقافة،بصراحة خجلت من نفسي حينما علمت أن الجمعية التي تقدم سنويا ملايين الإعانات لكافل اليتيم هي فعلا بدون مقر،والمكان الذي تتواجد فيه إعانات اليتامى مقر يدفع المحسنين أجرته الشهرية بتكاليف باهظة،وحينما حققت في الموضوع وجدت أن المحسنين طالبوا فقط قطعة أرضية من طرف السلطات المحلية، وسيتكفلون هم ببناء المقر .\n\nحضرة الوالي\n\nمن بين الجمعيات التي تسبقها سمعتها وعملها وحبها للخير والنشاطات الملائكية هي كافل اليتيم ،لا هي جمعية فاشلة أو منحطة أو منحرفة أو خارجة عن دائرة العمل الجمعوي ، بالعكس حينما ينطق الصغير فينا كلمة خير ينطق معها كافل اليتيم، وحينما ينطق كبيرنا كلمة كافل اليتيم ينطق معها هي الرحمة الربانية في الأرض،فمن يرحم اليتامى ألا يحقنا علينا أن نرحمه بقطعة أرض،على الأقل ما تقدمه هذه الجمعية ربما سيكون بمثابة حماية لهذه المدينة من”الخلاطيين ”حتى أني مرات اشك أن الله يرحمنا بالغيث مرات بسبب ما تقدمه هذه الجمعية ، ومزايا عديدة يا حضرة الوالي لن ينفعها سجل أو مجلد لذكر فضائل هذه الجمعية الرائعة التي أحبها الجميع ، ولجأ إليها الجميع ، وكانت صدر رحب باليتيم وأمه .\n\nوفي الأخير حضرة الوالي\n\nممكن في جلسة عمل مع المديريات المختصة ستجدون المساحة الكافية ومجهولة المصدر داخل المدينة أو خارجها ، تستطيعون تحويلها إلى الجمعية وستتكفل قافلة من المحسنين لبناء المقر،لأن معظم ولايات الوطن وأخرها ولاية البيض وهبوا لمكاتب كافل اليتيم قطع أرضية،ثم البناء عليها مقرات كبيرة و رائعة ولائقة بمؤسسة جمعوية مثل كافل اليتيم يوجد في سجلها مئات من اليتامى تتكفل بهم وبدراستهم وأكلهم وكل حاجيتهم ، فيما ينقصهم سوى مقر، الذي ندعو الله سبحانه تعالى من حضرتك أن تجعلوا الموضوع في خانة الجدية ، وأن تنظروا فيه بعين الاهتمام ، لأنه خير كبير سيكتبه التاريخ\n\nالمصدر : http://aljazairpost.com/?p=4105", "published date": "2021-03-10T00:05:06"}, {"title": "طبّاخة و موظفة في إقامة الوالي ضمن شبكة إجهاض ! – الجزائر بوست — جريدة إلكترونية", "text": "إسماعيل فلاح\n\nأطاحت مصالح الأمن في ولاية عين الدفلى، بشبكة إجهاض، تنشط على مستوى ولايات الوسط، تضمّ موظفتين في القطاع الصحي،وحسب تحقيق أجرته وسيلة إعلامية “النهار”، فإن التحريات التي أجريت حول الشبكة، كشفت تورّط ممرضتين، إحداهما تعمل في مستشفى تيبازة والأخرى في مستشفى عين الدفلى، إلى جانب موظفة عاملة في إقامة والي تيبازة.\n\nوفي التفاصيل، قادت المعطيات التي توصلت إليها التحقيقات، إلى أن الشبكة كانت تنشط، منذ عدة سنوات، في عدة ولايات وسطى، منها تيبازة وعين الدفلى،وتتكون الشبكة من 5 عناصر، كشفتهم التحقيقات، وهم شخص يدعى “م.عيسى”، الموجود رهن الحبس المؤقت، والممرضة “ب.نصيرة” الموجودة هي الأخرى رهن الحبس المؤقت، إلى جانب زميلتها الموجودة في حالة فرار، وهي المدعوة “ت.فوزية”،كما تضمّ الشبكة موظفة تعمل طبّاخة في إقامة والي تيبازة، وهي المدعوة “ي.صباح”، والمدعوة “ح.أمال”، وكلاهما تتواجدان تحت الرقابة القضائية،وتفيد المعطيات بأن القضية التي فتحت بشأنها مصالح أمن ولاية عين الدفلى تحقيقا، في إطار عملها العادي لمكافحة شبكات الإجرام، ستأخذ أبعادا أخرى لعدة معطيات، منها وجود إحدى المتورطات في الشبكة، ويتعلق الأمر بموظفة في إقامة والي تيبازة.\n\nوبشأن هذه الأخيرة علمت وسائل إعلامية بأنها جرى توقيفها يوم 9 ديسمبر الماضي، من طرف محققين من أمن ولاية عين الدفلى، خلال تواجدها في مستشفى تيبازة، أين كانت تعالج بعد تعرضها للإجهاض، حيث جرى تمديد الاختصاص بعدما كشفت موقوفات متورطات في شبكة إجهاض عن تورط المدعوة “صباح.ي”،وحاولت الطبّاخة العاملة في إقامة الولاية نفي كل التهم عنها، وزعمت بأنها لا تعرف أفراد الشبكة ولم تتواصل مع أيّ منهم، مضيفة بأنها تعرضت لنزيف خلال عملها داخل مقر إقامة الوالي، في اليوم السابق، أي يوم 8 ديسمبر.\n\nغير أن تحقيقات مصالح الأمن، كشفت أنه فضلا عن تعرض الطباخة للإجهاض، فإن المدعوة “أمال.ح”، تعرضت للإجهاض هي الأخرى داخل منزل الطبّاخة الكائن في الحي الفوضوي بمنطقة “وادي مرزوق”، بعدما نقلتها إلى هناك الممرضة “ت.فوزية” المدعوة “فايزة”، الموجودة في حالة فرار،وتفيد المعطيات التي تحصلت عليها “النهار”، بأن إحدى المتورطات في القضية، ويتعلق الأمر بالممرضة “ب.نصيرة” العاملة في مستشفى تيبازة، والموجودة رهن الحبس المؤقت، قد جرى التحقيق معها في قضية إجهاض مماثلة عام 2019.\n\nوتشير المعلومات التي بحوزتنا، إلى أن مصالح الشرطة في الأمن الحضري الثالث بخميس مليانة، أوقفت فتاتين، في ذلك الوقت، إحداهما تعرضت للإجهاض، لتقود عملية تفتيشهما إلى العثور على صك بريدي يعود للممرضة “ب.نصيرة”،وبعد التحقيق مع الفتاتين الموقوفتين، تبين أنهما كانتا تقومان بضخّ أرصدة مالية في الحساب البريدي للممرضة، نظير تكفلها بإجهاض إحداهما،وتجهل الظروف التي تم فيها تجاهل تلك القضية في ذلك الوقت، وعدم متابعة التحقيق، رغم توفر أدلة واعترافات حول تورط الممرضة، التي واصلت ممارسة نفس الجرم إلى غاية توقيفها في ديسمبر الماضي.\n\nالمصدر النهار الجديد\n\nالمصدر : http://aljazairpost.com/?p=4112", "published date": "2021-03-11T07:51:00"}, {"title": "عودة الحياة إلى المؤسسة الإستشفائية للأمراض العقلية ''بن زايدي عبد القادر'' – الجزائر بوست — جريدة إلكترونية", "text": "نظمت مصلحة النشاطات بمشاركة منسقة الأطباء والأخصائيين النفسيين، و بمساهمة مدير المؤسسة الاستشفائية للأمراض العقلية ”بن زايدي عبد القادر”، معرض فريد من نوعه لنزلاء المستشفى لمحاولة سحبهم رويدا من عالمهم المخيف والذي أخرجهم من حياتنا اليومية ، لتعبير على أنفسهم بتحديد ميولهم في الرسم أو التدوين أو الصناعة أو الخياطة لإثبات الوجود فعليا في الحياة العادية،وهذا يعطي ملاحظة قوية أن الوصول إلى هذا المعرض وتقديمه لم يأتي من فراغ مهني ، وإنما جاء لمجهود كبير من طرف الأخصائيين النفسيين من ناحية العلاجية ، ومن طرف مصلحة النشاطات من ناحية التنظيمية والتنسيقية ، كون أنه المعلوم المتشارك بين الجميع هو أن المرضى العقلين نادرا ما يستطيع شخص تحكم فيهم ، وهذا يعطي العلامة الكاملة لهذا الفريق .\n\nالمعرض شهد حضور السلطات المحلية المتمثلة في رئيس المجلس الشعبي لسيدي بلعباس،ورئيس لجنة الصحة والبيئة بالمجلس الشعبي الولائي، وبحضور مدير الصحة والسكان وبعض المفتشين والمدراء،وحضور جمعيات مختصة في هذا المجال ، وحضور رواد مواقع التواصل الاجتماعي في المبادرات الخيرية، بمشاركة بعض أفراد الأسرة الإعلامية ، الذين استمعوا إلى كلمة مختصرة لكل ضيوف الشرف ، بعدها تقدم الأخصائيون في هذا المجال وشرحوا التعامل الطبي مع المرضى مرحلة بمرحلة ، لتعلن في الأخير السيدة أحلام سايح رئيس مصلحة النشاطات عن الدخول في جو التكريمات.\n\nولتذكير برغم أن المعرض تم برمجته مند فترة زمنية طويلة ، إلا أن تحقيقه في أرض الواقع وفي هذه الفترة بالتحديد أعاد الحياة لمؤسسة الاستشفائية للأمراض العقلية ”بن زايدي عبد القادر” ، كون أن جدرانها ونفسية عمالها وموظفيها مازالت لم تنسى حوادث الشهر الماضي التي وقعت داخل أسوار المؤسسة برحيل مرضين إلى رحمة الله سبحانه تعالى،ما جعل الرأي العام مفتوح على مصراعيه ضد المستشفى واتهام طاقمها بالإهمال والتسيب.\n\n.\n\nبعض الصور من المعرض المنظم اليوم بتصوير الصحافي لحسن الهاشمي\n\nالمصدر : http://aljazairpost.com/?p=4118", "published date": "2021-03-12T00:53:32"}, {"title": "المنظمة الوطنية للطلبة الجزائريين تكرم عاملات النظافة بكلية الطب – الجزائر بوست — جريدة إلكترونية", "text": "قام المكتب الولائي للمنظمة الوطنية للطالبة الجزائريين بسيدي بلعباس،بإحياء حفل تقديري بمناسبة اليوم العالمي للمرأة المصادف لــ 8 مارس بكلية الطب بالمدرج رقم 3،الذي جمع ضيوف الشرف والأسرة الإعلامية والطالبات والطالبة،بحضور عميد الكلية والدكتور محمد الأمين الحسين الذي قدم كلمة مختصرة عن دور المرأة في الحياة العامة،وتعاملها مع كوفيد 19 وممارسة دورها التوعوي مع عائلتها ومع محيطها خارجا ، قبلها كانت كلمة ترحيبية من وليد سليم رئيس المكتب الولائي للمنظمة الذي رحب بالضيوف،وأكد أن لطالبات منزلة كبيرة في الحرم الجامعي، وان مكتب المنظمة مفتوح لكل انشغالاتهم ،وقد أعطي عميد الكلية انطلاقة لهذا اليوم ، لتعرف نهاية اليوم تكريمات في جو بهيج وكبير بين الطالبات وكل الضيوف الحاضرة.\n\nاللقاء شهد لفتة إنسانية رائعة من طرف المنظمة الوطنية للطلبة الجزائريين، حينما تم تكريم عاملات النظافة بكلية الطب وهم الذي يعتبرون من الفئة المنسية إداريا وقانونيا ، وليس لهم هيئة أو منظمة المسخر لها قانونيا لدفاع عنهم ورفع انشغالاتهم ، وهو ما جعل تكريمهم بمثابة انجاز حقيقي لأن معظم المؤسسات التي كرمت المرأة نست أن ترفع هذه الفئة في محافل السلطات المحلية بسيدي بلعباس، لكن المنظمة الوطنية للطلبة الجزائريين أكدت على الجانب الإنساني والحقوقي في يوم تكريم المرأة والحديث عن دورها.\n\nالمصدر : http://aljazairpost.com/?p=4109", "published date": "2021-03-10T23:19:44"}, {"title": "العلامة الكاملة لأكاديمية المجتمع المدني بسيدي بلعباس – الجزائر بوست — جريدة إلكترونية", "text": "نجح المكتب الولائي لأكاديمية المجتمع المدني بتنظيم الملتقى الوطني حول الشباب والمجتمع المدني ، الذي شهد حضور المستشار لدى رئاسة الجمهورية المكلف بالحركة الجمعوية والجالية الوطنية في الخارج السيد نزيه بن رمضان، وبمشاركة السلطات المحلية وعلى رأسها والي ولاية سيدي بلعباس مصحوبا بــ رئيس المجلس الشعبي الولائي السيد خضار عثمان ، وعدة شخصيات جمعوية حملت وجوه من طبقات الفكرية والثقافية وحتى السياسية معروفة على عدة أنشطة بولاية سيدي بلعباس.\n\nالملتقى كان من تنظيم أكاديمية المجتمع المدني، التي نجح طاقمها وعلى حسب الحضور في تثبيت فكرة أن أي منظمة أو جمعية لها هياكلها يكون عندها إقبال،وراحة نفسية ومهنية لدى كل الراغبين في الانخراط في الحياة الجمعوية ، اكتظاظ في القاعة و محاولة لطرح كل المشاكل،و وجوه متميزة ومعروفة في سيدي بلعباس ،توحي أن أكاديمية المجتمع المدني قوية بأعضائها وأفكارها وأعمالها ليس على المستوى المحلي فقط وإنما حتى الوطني\n\nالمصدر : http://aljazairpost.com/?p=4154", "published date": "2021-04-06T00:07:04"}]}