{
    "source_1": "credible",
    "source_2": "undecided",
    "source_3": "credible",
    "source_4": "credible",
    "source_5": "undecided",
    "source_6": "credible",
    "source_7": "not credible",
    "source_8": "not credible",
    "source_9": "not credible",
    "source_10": "not credible",
    "source_11": "not credible",
    "source_12": "credible",
    "source_13": "not credible",
    "source_14": "not credible",
    "source_15": "credible",
    "source_16": "not credible",
    "source_17": "not credible",
    "source_18": "credible",
    "source_19": "credible",
    "source_20": "not credible",
    "source_21": "credible",
    "source_22": "undecided",
    "source_23": "credible",
    "source_24": "undecided",
    "source_25": "not credible",
    "source_26": "undecided",
    "source_27": "not credible",
    "source_28": "not credible",
    "source_29": "not credible",
    "source_30": "not credible",
    "source_31": "not credible",
    "source_32": "not credible",
    "source_33": "credible",
    "source_34": "not credible",
    "source_35": "not credible",
    "source_36": "not credible",
    "source_37": "not credible",
    "source_38": "undecided",
    "source_39": "credible",
    "source_40": "not credible",
    "source_41": "not credible",
    "source_42": "not credible",
    "source_43": "undecided",
    "source_44": "credible",
    "source_45": "not credible",
    "source_46": "not credible",
    "source_47": "credible",
    "source_48": "undecided",
    "source_49": "not credible",
    "source_50": "not credible",
    "source_51": "not credible",
    "source_52": "not credible",
    "source_53": "not credible",
    "source_54": "credible",
    "source_55": "credible",
    "source_56": "not credible",
    "source_57": "credible",
    "source_58": "credible",
    "source_59": "not credible",
    "source_60": "credible",
    "source_61": "credible",
    "source_62": "credible",
    "source_63": "not credible",
    "source_64": "undecided",
    "source_65": "not credible",
    "source_66": "not credible",
    "source_67": "not credible",
    "source_68": "not credible",
    "source_69": "not credible",
    "source_70": "not credible",
    "source_71": "not credible",
    "source_72": "credible",
    "source_73": "credible",
    "source_74": "not credible",
    "source_75": "credible",
    "source_76": "not credible",
    "source_77": "credible",
    "source_78": "undecided",
    "source_79": "credible",
    "source_80": "credible",
    "source_81": "credible",
    "source_82": "undecided",
    "source_83": "credible",
    "source_84": "undecided",
    "source_85": "not credible",
    "source_86": "credible",
    "source_87": "undecided",
    "source_88": "undecided",
    "source_89": "undecided",
    "source_90": "undecided",
    "source_91": "credible",
    "source_92": "undecided",
    "source_93": "credible",
    "source_94": "credible",
    "source_95": "credible",
    "source_96": "undecided",
    "source_97": "undecided",
    "source_98": "credible",
    "source_99": "credible",
    "source_100": "credible",
    "source_101": "credible",
    "source_102": "credible",
    "source_103": "undecided",
    "source_104": "undecided",
    "source_105": "undecided",
    "source_106": "undecided",
    "source_107": "not credible",
    "source_108": "credible",
    "source_109": "undecided",
    "source_110": "credible",
    "source_111": "undecided",
    "source_112": "credible",
    "source_113": "undecided",
    "source_114": "undecided",
    "source_115": "credible",
    "source_116": "undecided",
    "source_117": "credible",
    "source_118": "not credible",
    "source_119": "undecided",
    "source_120": "not credible",
    "source_121": "undecided",
    "source_122": "undecided",
    "source_123": "credible",
    "source_124": "credible",
    "source_125": "not credible",
    "source_126": "credible",
    "source_127": "credible",
    "source_128": "not credible",
    "source_129": "credible",
    "source_130": "not credible",
    "source_131": "credible",
    "source_132": "not credible",
    "source_133": "credible",
    "source_134": "credible"
}