{"articles": [{"title": "نوير يوجه رسالة خاصة لمحمد الشناوى عبر موقع فيفا.. فيديو", "text": "أشاد مانويل نوير، حارس مرمى نادى بايرن ميونخ الألمانى، بنظيره محمد الشناوى، حارس مرمى النادى الأهلى، عقب مباراة الفريقين التى أقيمت مساء الاثنين الماضى، فى نصف نهائى مونديال الأندية، المقام فى قطر ويختتم لقاءاته اليوم، الخميس، وانتهت بفوز العملاق البافارى بهدفين دون رد.\n\nوقال نوير، فى تصريحات لموقع الفيفا : \"أعتقد أن الجميع شاهد الاحترام المتبادل بيننا، بعد المباراة تعانقنا وتصافحنا وتبادلنا القمصان\".\n\nووفقا لحساب الفيفا الرسمى على تويتر، تحدث حارس منتخب ألمانيا ونادى بايرن ميونيخ مانويل نوير، عن حارس مصر والأهلى محمد الشناوى، وما جرى بعد مواجهة الفريقين بنصف نهائى كأس العالم للأندية\".\n\nمن ناحية أخرى، كشف مانويل نوير حارس فريق بايرن ميونخ الألمانى، عن حماس اللاعيبن لخوض مباراة نهائى مونديال الأندية ضد تيجريس أونال المكسيكى، الثامنة مساء اليوم، الخميس، من أجل استكمال الموسم الماضى باللقب السادس.\n\nويواجه بايرن ميونخ نظيره تيجريس أونال المكسيكى، فى نصف نهائى مونديال الأندية الليلة، على ملعب \"المدينة التعليمية\".\n\nوقال قائد بايرن ميونخ فى مؤتمر صحفى: \"نحن متحمسون للمباراة النهائية ضد تيجريس، لقد لعب الجميع دورهم، سيكون رقما قياسيا كبيرا، من الواضح أن فريق التدريب لعب دورًا كبيرًا أيضًا\".\n\n🗣️ \"It's deserved that they are in the final. They are a great team, have good wingers and especially a good line-up in the box.\"\n\n\n\n👏 Plenty of respect for @TigresOficial from @FCBayern's @Manuel_Neuer ahead of today's #ClubWC final 🏆 pic.twitter.com/8DcpkNejbh", "published date": "2021-02-11T00:00:00"}, {"title": "شاهد إطلالة مارلين مونرو فى حفل توزيع جوائز Golden Globes بالستينيات", "text": "تداول عدد من رواد مواقع التواصل الإجتماعى صورا للنجمة الراحلة مارلين مونرو وذلك أثناء مشاركتها فى حفل توزيع Golden Globes،عام 1962 حيث تظهر مارلين بإطلالة رائعة فى صور بالأبيض والأسود وغيرها من الصور التى تم تلوينها.\n\nيقام لأول مرة الحفل بشكل افتراضى بعد قليل وذلك بسبب جائحة كورونا وظروف الاغلاق التى يمر بها العالم، حيث يشارك المرشحون عن بعد، وبالتلى لن يكون هناك أى تجمع بين النجوم المرشحون للجوائز.\n\nوالحفل يقام فى مدينتى لوس أنجلوس ونيويورك، وتقدم الممثلة تينا فاى الحفل على الهواء مباشرة عبر قناة إن.بي.سى من قاعة رينبو فى نيويورك، فيما تقدم إيمى بوهلر من لوس أنجلوس من فندق بيفرلى هيلتون، كان من المفترض إقامة حفل توزيع Golden Globes فى عطلة نهاية الأسبوع الأولى فى يناير، لكن تم تأجيله بسبب فيروس كورونا.\n\nومن بين أبرز المتنافسين فى فئات الأفلام، كلاً من \"The Trial of the Chicago 7\" و\"The Father\" و\"One Night in Miami\"، ومن بين أفضل المرشحين فى الدراما \"The Queen’s Gambit\" و\"The Undoing\" و\"The Crown\".\n\nومن بين المرشحين لأفضل ممثلة، هى النجمة العالمية فيولا ديفيس عن دورها فى فيلم Ma Rainey's Black Bottom، وفانيسا كيربى عن أدائها فى فيلم \"Pieces of a Woman\" وفرانسيس مكدورماند عن دورها فى بطولة الفيلم المستقل Nomadland.\n\nوتنافس كلاً من ريز أحمد عن دوره فى (\"Sound of Metal\") والراحل تشادويك بوسمان (\"Ma Rainey’s Black Bottom\") وديلروى ليندو (\"Da 5 Bloods\") على جائزة أفضل ممثل.", "published date": "2021-03-01T00:00:00"}, {"title": "محطات فى حياة جيف بيزوس.. 1994 نقطة الانطلاق.. 1997 تشهد توصل الشحنة رقم مليون لعميل فى اليابان.. بلو أوريجين وواشنطن بوست أبرز نجاحاته.. 2017 تتويجه كأغنى رجل فى العالم.. وصورته تنافس فى عالم \"الكومي", "text": "كتب مؤنس حواس\n\nعلى مدار أكثر من 26 عاما خلال إدارته لشركة أمازون، استطاع \"جيف بيزوس\" أن يضع اسمه وسط قائمة الكبار، ليتصدر فى النهاية قائمة الأغنى فى العالم، ورغم أنه لم يحتفظ بهذا اللقب لفترة طويلة بسبب \"إيلون ماسك\" مؤسس شركتى سبيس إكس وتسلا، إلا أن \"بيزوس\" يظل هو أول من وصل إلى هذا اللقب على الإطلاق، حيث نجح بيزوس فى توجيه أمازون نحو 1.6 تريليون دولار من القيمة السوقية مع تكوين ثروة شخصية بقيمة 193 مليار دولار، وفيما يلى نعرض أبرز المحطات فى حياة جيف بيزوس التى كان خلالها محور الأحداث حول العالم كما يلى:\n\n1994 بيزوس يخاطر بوظيفته الثابتة لصالح بيع الكتب عبر الإنترنت:\n\nعلى الرغم من أن رئيسه فى الشركة حاول إقناع بيزوس بالبقاء، فقد كان مصممًا بالفعل على بدء شركته الخاصة – إذ شعر أنه يفضل المحاولة والفشل فى شركة ناشئة بدلاً من عدم المحاولة مطلقًا، وذلك وفقًا لكتاب براد ستون، \"كل شىء محل\"، حيث قاد بيزوس وزوجته ماكينزى السيارة من تكساس إلى سياتل وأسسوا متجرًا في جراج لتصليح السيارات، حيث ولدت أمازون هناك.\n\nبيزوس يطرح شركة أمازون للجمهور فى 15 مايو 1997\n\nبحلول 1997 تم طرح أمازون للجمهور، وقد وصفت نفسها بأنها \"بائع التجزئة الرائد للكتب على الإنترنت\" ووظفت 256 شخصًا فقط، وقد جمع الاكتتاب العام 54 مليون دولار، مما أعطى أمازون تقييمًا قدره 438 مليون دولار.\n\nبيزوس يسلم بنفسه الطلب رقم \"مليون\" من أمازون لعميل فى اليابان\"\n\n#TBT to 1997 when Jeff Bezos flew to Japan to deliver a package to Amazon's millionth customer. #AmazonPrime10 pic.twitter.com/LAK1naGCfI — Amazon (@amazon) February 5, 2015\n\nاشترى أحد العملاء كتيبًا لنظام التشغيل Microsoft Windows NT وسيرة ذاتية للأميرة ديانا، حيث كان هذا العميل في اليابان، وقد كان بيزوس هو من قام بنفسه بتسليم هذه الشحنة للاحتفال بهذه المناسبة.\n\n1999 اختيار بيزوس \"شخصية العام\" من قبل مجلة التايم\n\n📷 Cover of @Time’s Person of the Year from 2️⃣0️⃣ years ago. #tbt\n\n\n\n📲 “It doesn’t matter to me whether we’re a pure internet player; what matters to me is to provide the best customer service… Internet, shm-internet” - @JeffBezos, in a 1999 interview on @amazon. (@CNBC) pic.twitter.com/ofAzJc21JS — Nasdaq (@Nasdaq) February 28, 2019\n\nعندما حدث انهيار الإنترنت فى 1998، توقعت وول ستريت أن تكون نهاية أمازون، حيث تم وصفها بلقب \"Amazon.bomb\"، لكن بيزوس كان يضحك أخيرًا عندما اشتعلت النيران على منافسى أمازون واحدًا تلو الآخر، ووفقًا لكتاب ستون، فإن صفقة بيع سندات قابلة للتحويل إلى مستثمرين أوروبيين أعطت أمازون حماية كافية لتجاوز انهيار الإنترنت.\n\n2000 بيزوس يطلق شركة الفضاء Blue Origin\n\nفى مقابلة عام 2018 مع أكسل سبرينجر، قال بيزوس إن Blue Origin هو \"أهم أعماله\"، بل إنه أكثر أهمية من Amazon، لأنه لا يريد أن ينتهي به الحال مع \"حضارة من الركود\"، حيث تصنع Blue Origin صواريخ قابلة لإعادة الاستخدام بهدف جعل السفر إلى الفضاء أرخص وأسهل في الوصول إليه.\n\nوقال بيزوس فى الرسالة التى أعلن فيها تنحيه عن منصب الرئيس التنفيذى لشركة أمازون، أنه يخطط لتكريس المزيد من الوقت لشركة Blue Origin للمضى قدمًا.\n\nإطلاق منتجات وشركات جديدة رئيسية لشركة أمازون\n\nتم إطلاق العديد من الخدمات والمنتجات، مثل خدمة العضوية Prime، وقارئ Kindle الإلكترونى، ومكبر صوت Echo الذكي، وخدمة الحوسبة السحابية Amazon Web Services، المعروفة الآن باسم AWS، وقد حققت AWS إيرادات تجاوزت 12 مليار دولار في الربع الأخير من عام 2020، بينما تجاوز إجمالى إيرادات أمازون 100 مليار دولار لأول مرة في الربع الرابع، مدفوعة بنجاح Prime Day، عطلة التسوق السنوية لأمازون لأعضاء Prime.\n\n2013 بيزوس يستحوذ على صحيفة واشنطن بوست مقابل 250 مليون دولار\n\nأخبر بيزوس Business Insider فى مقابلة عام 2014 أنه بينما لم يكن يعرف شيئًا عن عمل الصحف، \"كنت أعرف شيئًا عن الإنترنت، وهذا، جنبًا إلى جنب مع المدرج المالى الذى يمكننى تقديمه، هو سبب شرائى لصحيفة The Post\"، ومنذ ذلك الحين، اتخذ بيزوس نهجًا عمليًا في الجوانب التجارية والتكنولوجية فى واشنطن بوست، مما أدى إلى تحول فى الصحيفة البالغة من العمر 150 عامًا تقريبًا.\n\n2017 بيزوس يصبح أغنى شخص فى التاريخ لأول مرة\n\nبحلول 2017 أصبح بيزوس أغنى شخص في التاريخ لأول مرة، متجاوزًا مؤسس شركة مايكروسوفت بيل جيتس، وفي ذلك الوقت، كان صافي ثروته أكثر من 90 مليار دولار، ومنذ ذلك الحين، ارتفعت ثروة بيزوس بما يقرب من 100 مليار دولار – وقد ربط بلومبرج صافي ثروته الحالية بـ 193 مليار دولار، مما جعله ثاني أغنى شخص في العالم بعد إيلون ماسك، الرئيس التنفيذي لشركة تيسلا وسبيس إكس.\n\nصورة لبيزوس تصبح \"كوميكس\" على الإنترنت\n\nبعدما ظهرت له صورة فى عام 2017، والتى يبدو فيها وأنه يتمتع باللياقة البدنية بشكل ملحوظ والمظهر الأنيق الجديد، تحولت صورته إلى كوميكس.\n\nكان بيزوس قد حضر مؤتمر Allen & Company السنوى فى صن فالى، أيداهو، قبل عام 2017، لكن ظهوره فى ذلك العام، بعد فترة وجيزة من أن يصبح أغنى شخص فى العالم، أصبح ضجة كبيرة على الإنترنت.\n\nFormer and current Jeff Bezos is literally the 'you vs. the guy she told you not to worry about' meme. pic.twitter.com/NNA2LlFxy8 — Yoni (@OriginalYoni) July 14, 2017\n\nوقد بدا بيزوس ذو مظهر عضلى بشكل ملحوظ، وكانت سترته الأنيقة ونظاراته الشمسية المصممة تغييرًا كبيرًا عن مظهره السابق الأكثر رواجًا، حيث أصبحت هذه الصورة كوميك يشير إلى أي مدى تغير مظهره منذ الأيام الأولى لأمازون.\n\n- بيزوس يطلق مسابقة لمقر أمازون المقبل HQ2\n\nفى سبتمبر 2017، أطلقت أمازون بحثها الوطنى عن HQ2، مما أدى إلى حرب مزايدة بين عشرات مدن أمريكا الشمالية لتقديم أفضل الحوافز لعملاق التجارة الإلكترونية.\n\nوقد كان تركيز أمازون على الاستحواذ على هذه الحوافز مستوحى من نجاح إيلون ماسك في نيفادا، وفقًا لبلومبرج، حيث أطلق \"ماسك\" مسابقة في عام 2014 لمصنع Gigafactory في Tesla، وهو مصنع بطاريات وعد أنه سيخلق آلاف الوظائف.\n\nوقد اختارت أمازون فى النهاية كوينز ونيويورك وأرلينجتون بولاية فيرجينيا كفائزين في HQ2، لكن الصفقة في نيويورك انهارت بعد احتجاجات من السياسيين المحليين.\n\nاستدعاء بيزوس للإدلاء بشهادته أمام الكونجرس لأول مرة في 2020\n\nأدلى بيزوس بشهادته لأول مرة إلى جانب كبار المديرين التنفيذيين للتكنولوجيا، بما في ذلك Sundar Pichai من جوجل، و مارك زوكربيرج من فيس بوك وتيم كوك من أبل.\n\nلكنه تمكن من تفادى معظم أسئلة المشرعين بشأن مخاوف مكافحة الاحتكار، مما سمح له بالبقاء بعيدًا عن دائرة الضوء في وقت تواجه فيه أمازون تدقيقًا شديدًا.\n\n2021 بيزوس يعلن أنه سيتنحى في الربع الثالث\n\nفى رسالة إلى موظفى أمازون، أعلن بيزوس أنه سينتقل إلى منصب الرئيس التنفيذى ويركز على \"المنتجات الجديدة والمبادرات المبكرة\".\n\nوكتب بيزوس: \"إن كونك الرئيس التنفيذى لشركة أمازون هى مسؤولية عميقة، وهى عملية مرهقة\". \"عندما تكون لديك مسؤولية من هذا القبيل، من الصعب أن تلفت الانتباه إلى أي شيء آخر\".\n\nبيزوس يسعى للعمل الخيري\n\nقال بيزوس، إنه بينما سيظل مشاركًا فى مبادرات مهمة فى أمازون، فقد خطط لقضاء المزيد من الوقت فى العمل الخيرى - بما في ذلك صندوق بيزوس إيرث وصندوق اليوم الأول - بالإضافة إلى مساعديه الرئيسيتين الأخريين: واشنطن بوست وبلو أوريجين.", "published date": "2021-03-05T00:00:00"}, {"title": "قفشة ينافس الكعبي وبن رمضان على جائزة لاعب الجولة فى دوري أبطال أفريقيا", "text": "كشف الاتحاد الأفريقي لكرة القدم \"كاف\" عن قائمة اللاعبين الأربعة المرشحين للفوز بجائزة أفضل لاعب فى الجولة الثالثة من دور المجموعات لمسابقة دوري أبطال أفريقيا، والتى أقيمت منافساتها على مدار يومى الجمعة والسبت.\n\nوتواجد على رأس المرشحين محمد مجدى قفشة لاعب الأهلي الذى تم اختياره رغم سقوط الأهلي في فخ التعادل الإيجابي 2-2 أمام ضيفه فيتا كلوب الكونغولي، فى اللقاء الذى أقيم باستاد القاهرة مساء أمس السبت.\n\nكما تم اختبار أيوب الكعبي مهاجم الوداد المغربي ضمن القائمة بعدما سجل هدفا رائعا من مقصية فى مرمى حوريا كوناكري الغيني فى المباراة التي انتهت بفوز الوداد بثنائية.\n\nواختير أيضا محمد بن رمضان لاعب الترجي الرياضي التونسي، والذي أحرز ثنائية فى انتصار فريقه على الزمالك بثلاثة أهداف مقابل هدف، فى المباراة التي أقيمت على ملعب \"رادس\".\n\nوتواجد أيضا أوموسولا ميدجو حارس فريق فيتا كلوب، الذي تصدى للعديد من الأهداف المحققة من لاعبي الأهلي خلال مباراة الفريقين.\n\nوستقام مباريات الجولة الرابعة من دور المجموعات من دوري أبطال أفريقيا يوم الثلاثاء 16 مارس الجاري.\n\n🇹🇳 Mohamed Ben Romdhane [🇹🇳 @ESTunis1919 ]}}}}\n\n🇲🇦 Ayoub El Kaabi [🇲🇦 @WACofficiel ]\n\n🇪🇬 Mohamed Magdy Afsha [🇪🇬 @AlAhly ]\n\n🇨🇲 Omossola Medjo [🇨🇩 @AsVitaOfficiel ]\n\n\n\nVote for your #TotalCAFCL Player of the Week now! 👇🗳️", "published date": "2021-03-07T00:00:00"}, {"title": "غادة والى بيوم المرأة العالمى: أكافح مع النساء لتحقيق الريادة بجميع المجالات", "text": "أكدت الدكتورة غادة والى، وكيل الأمين العام للأمم المتحدة والمدير التنفيذي لمكتب الأمم المتحدة للمخدرات والجريمة، وقوفها مع النساء من أجل تمكينهن لتحقيق النهوض والريادة في جميع المجالات، وغردت غادة والى عبر حسابها الرسمي بموقع \"تويتر\"، بمناسبة اليوم العالمي للمرأة، قائلة: \"لقد حان الوقت لإعادة الضبط، أقف مع النساء وأقاتل من أجل النساء حتى يتمكنن من النهوض والريادة في جميع المجالات، للمضي قدمًا من أزمة COVID ، من أجل العدالة ومستقبل أكثر عدلاً للجميع\".\n\nوأضافت الدكتورة غادة والى، في رسالة بمناسبة يوم المرأة العالمي 8 مارس 2021: \"ارتبطت الزيادات في تمثيل المرأة وقيادتها في إنفاذ القانون والسلطة القضائية بمزيد من التحقيقات في الجرائم ضد المرأة، وتحسين نتائج الشرطة، والنهج الناجحة التي تركز على الضحايا.. كما أنها مكّنت من إجراء تغييرات منهجية، بما في ذلك انخفاض معدلات العنف، وزيادة النزاهة من خلال التنوع، وهو أمر أساسي لعرقلة ممارسات الفساد\".\n\nوأكدت غادة والى، أن هذه انتصارات كبيرة للثقة العامة والمؤسسات الفعالة، متابعة: \"عندما تقود النساء، فإننا نفوز جميعًا. لكن في جميع أنحاء العالم ، يتفوق الرجال على عدد النساء في قطاعي العدالة والأمن ، حيث يمثلن 6 في المائة فقط من ضباط إنفاذ القانون في بعض المناطق، ولقد أظهر لنا جائحة COVID أن عدم المساواة المتجذر يجعل مجتمعاتنا أكثر ضعفًا في الأزمات\".\n\nواستكملت: \"حان الوقت لإعادة التعيين.. نحن بحاجة إلى تمكين المزيد من النساء للقيادة\"، وأشارت إلى أنه في إعلان كيوتو الصادر عن مؤتمر الأمم المتحدة لمكافحة الجريمة، تعهدت الحكومات بإزالة العوائق التي تحول دون تقدم المرأة في أنظمة العدالة الجنائية.\n\nWomen are outnumbered by men in the justice & security sectors – it’s time for a reset. On #IWD2021, I stand with women & fight for women so they can rise and lead in all areas, to build forward from the COVID crisis, for justice & a fairer future for all. https://t.co/tYqauvnwN5 pic.twitter.com/rzpz8AvenS", "published date": "2021-03-08T00:00:00"}, {"title": "محمد صلاح يقود التشكيل المثالى للاعبين الأفارقة فى أوروبا", "text": "اختارت شبكة جلوبال سوكر المصري محمد صلاح مهاجم ليفربول الإنجليزى فى التشكيلة المثالية للاعبين الأفارقة الأفضل فى دوريات أوروبا بعد تألقه مع ناديه خلال الفترة الماضية.\n\nوكشفت الشبكة على الصفحة الرسمية على موقع تويتر الفريق المثالى للاعبين، وجاء من بينهم السنغالي إدوارد مندى حارس مرمى تشيلسى، وحكيم زياش لاعب تشيلسى وساديو مانى لاعب ليفربول، وكوليبالى مدافع نابولى الإيطالى، وأشرف حكيمى لاعب إنتر ميلان وبيير أوباميانج لاعب آرسنال.\n\nوطالبت الشبكة الجماهير بالتصويت لاختيار ظهير أيسر ولاعبين فى منطقة وسط الملعب.\n\n🤔 Name a LB, a CDM and a RCM to complete this Best African XI ✍️ pic.twitter.com/Qrqp0lVOCj", "published date": "2021-03-20T00:00:00"}, {"title": "8 قاطرات عملاقة لانقاذ وتعويم السفينة الجانحة بالمجرى الملاحى لقناة السويس", "text": "الإسماعيلية - السيد فلاح\n\nأجرى تلفزيون اليوم السابع، بثاً مباشراً، من أمام المجرى الملاحى لقناة السويس، صباح اليوم الأربعاء، للوقوف على آخر المستجدات فى واقعة جنوح سفينة، بسبب موجة الطقس السيئ والعاصفة الترابية التى تضرب عدد من المحافظات المصرية.\n\nوتواصل هيئة قناة السويس، جهودها لتعويم السفينة الجانحة بمجرى قناة السويس الملاحي، بواسطة قاطرات ومعدات الهيئة التى تكثف من مجهوداتها لإنقاذ وتعويم السفينة.\n\nومن جانبه أكد الفريق أسامة ربيع رئيس هيئة قناة السويس، فى بيان له أن وحدات الإنقاذ وقاطرات الهيئة تواصل جهودها لإنقاذ وتعويم سفينة الحاويات البنمية العملاقة EVER GIVEN والتى جنحت بالكيلومتر 151 ترقيم القناة، خلال عبورها لقناة السويس ضمن قافلة الجنوب فى رحلتها القادمة من الصين والمتجهة إلى روتردام، جاء ذلك خلال متابعته أعمال الإنقاذ وإجراءات تعويم السفينة من موقع الحادث.\n\nووجه رئيس الهيئة رسالة طمأنة بشأن حركة الملاحة بالقناة وانتظامها مرة أخرى من خلال مجرى القناة الأصلية، مشددا على أن قناة السويس لا تدخر جهدا لضمان انتظام الملاحة وخدمة حركة التجارة العالمية.\n\nكان الحادث، وقع صباح أمس الثلاثاء، ويعود بشكل أساسى إلى انعدام الرؤية الناتجة عن سوء الأحوال الجوية نظرا لمرور البلاد بعاصفة ترابية، حيث بلغت سرعة الرياح 40 عقدة، مما أدى إلى فقدان القدرة على توجيه السفينة ومن ثم جنوحها.\n\nفور وقوع الحادث، تشكلت لجنة إدارة الأزمات بقيادة الفريق رئيس الهيئة، وتتم عمليات الإنقاذ الحالية من خلال إدارة التحركات بالهيئة وبواسطة 8 قاطرات أبرزها القاطرة بركة 1 بقوة شد 160 طن حيث يتم الدفع من جانبى السفينة وتخفيف حمولة مياه الإتزان لتعويم السفينة واستئناف حركة الملاحة بالقناة.\n\nجدير بالإشارة، أن سفينة الحاويات البنمية EVER GIVEN تتبع الخط الملاحى EVER GREEN، يبلغ طول السفينة 400 مترا، وعرضها 59 متر، فيما تبلغ حمولتها الإجمالية 224 ألف طن.\n\nوتهيب الهيئة بكافة وسائل الإعلام تحرى الدقة فيما يتم نشره، وعدم الالتفات للأخبار مجهولة المصدر والاعتماد على المعلومات والأخبار الرسمية الصادرة من الهيئة، مؤكدين على الالتزام بموافاتكم بتطورات الموقف أولاً بأول.", "published date": "2021-03-24T00:00:00"}, {"title": "قناة السويس تواصل جهودها لتعويم السفينة الجانحة", "text": "الإسماعيلية - السيد فلاح\n\nقال الفريق أسامة ربيع، رئيس هيئة قناة السويس، في بيان رسمى صادر عن الهيئة، إن وحدات الإنقاذ وقاطرات الهيئة تواصل جهودها لإنقاذ وتعويم سفينة الحاويات البنمية العملاقة EVER GIVEN والتي جنحت 151 ترقيم القناة، خلال عبورها لقناة السويس ضمن قافلة الجنوب في رحلتها القادمة من الصين والمتجهة إلى روتردام، جاء ذلك خلال متابعته أعمال الإنقاذ وإجراءات تعويم السفينة من موقع الحادث.\n\nووجه رئيس هيئة قناة السويس، رسالة طمأنة بشأن حركة الملاحة بالقناة وانتظامها مرة أخرى من خلال مجرى القناة الأصلية، مشدداً على أن قناة السويس لاتدخر جهدا لضمان انتظام الملاحة وخدمة حركة التجارة العالمية.\n\n\n\nمحاولة تعويم السفينة الجانحة\n\nوقع الحادث صباح أمس الثلاثاء، ويعود بشكل أساسي إلى انعدام الرؤية الناتجة عن سوء الأحوال الجوية نظراً لمرور البلاد بعاصفة ترابية، بلغت معها سرعة الرياح 40 عقدة، مما أدى إلى فقدان القدرة على توجيه السفينة ومن ثم جنوحها.\n\nفور وقوع الحادث، تشكلت لجنة إدارة الأزمات بقيادة الفريق رئيس الهيئة، وتتم عمليات الإنقاذ الحالية من خلال إدارة التحركات بالهيئة وبواسطة 8 قاطرات أبرزهم القاطرة بركة 1 بقوة شد 160 طنا، حيث يتم الدفع من جانبي السفينة وتخفيف حمولة مياه الإتزان لتعويم السفينة واستئناف حركة الملاحة بالقناة.\n\n\n\nالفريق اسامة ربيع يتابع تعويم سفينة الحاويات الجانحة\n\nجدير بالإشارة، أن سفينة الحاويات البنمية EVER GIVEN تتبع الخط الملاحي EVER GREEN، يبلغ طول السفينة 400 متر، وعرضها 59 متراً، فيما تبلغ حمولتها الإجمالية 224 ألف طن.\n\nوتهيب الهيئة بكافة وسائل الإعلام تحري الدقة فيما يتم نشره، وعدم الالتفات للأخبار مجهولة المصدروالاعتماد على المعلومات والأخبار الرسمية الصادرة من الهيئة، مؤكدين على التزامنا بموافاتكم بتطورات الموقف أولاً بأول.\n\n\n\nالسفينة الجانحة", "published date": "2021-03-24T00:00:00"}, {"title": "عبور أول سفينة قناة السويس عقب عودة الملاحة.. صور", "text": "الإسماعيلية - السيد فلاح\n\nعبرت أول سفينة للمجرى الملاحى لقناة السويس بعد عودة الملاحة منذ قليل، جاء ذلك بعد قرار هيئة قناة السويس بتسيير قافلة الشمال، القادمة من البحر المتوسط فى اتجاه البحر الأحمر، بعد تعطل الملاحة فى الساعات الأولى من صباح اليوم الأربعاء، بعد جنوح سفينة الحاويات البنمية EVER GIVEN والتى تتبع الخط الملاحى EVER GREEN، وجنحت فى المنطقة 151 ترقيم القناة، خلال عبورها لقناة السويس ضمن قافلة الجنوب فى رحلتها القادمة من الصين والمتجهة إلى روتردام.\n\nووجه الفريق أسامة ربيع، رئيس هيئة قناة السويس، في بيان رسمى صادر عن الهيئة، رسالة طمأنة بشأن حركة الملاحة بالقناة وانتظامها مرة أخرى من خلال مجرى القناة الأصلية، مشدداً على أن قناة السويس لا تدخر جهدا لضمان انتظام الملاحة وخدمة حركة التجارة العالمية. وقع الحادث صباح أمس الثلاثاء، ويعود بشكل أساسي إلى انعدام الرؤية الناتجة عن سوء الأحوال الجوية نظراً لمرور البلاد بعاصفة ترابية، بلغت معها سرعة الرياح 40 عقدة، مما أدى إلى فقدان القدرة على توجيه السفينة ومن ثم جنوحها. فور وقوع الحادث، تشكلت لجنة إدارة الأزمات بقيا الفريق رئيس الهيئة، وتتم عمليات الإنقاذ الحالية من خلال إدارة التحركات بالهيئة وبواسطة 8 قاطرات أبرزهم القاطرة بركة 1 بقوة شد 160 طن حيث تم الدفع من جانبي السفينة وتخفيف حمولة مياه الإتزان لتعويم السفينة واستئناف حركة الملاحة بالقناة.\n\n\n\nأول سفينة تعبر قناة السويس بعد عودة الملاحة\n\n\n\nأول سفينة تعبر قناة السويس\n\n\n\nسفينة تعبر قناة السويس عقب عودة الملاحة\n\n\n\nعبور السفن قناة السويس عقب عودة الملاحة\n\n\n\nعبور أول سفينة قناة السويس", "published date": "2021-03-24T00:00:00"}, {"title": "عودة حركة الملاحة فى قناة السويس ..فيديو لايف", "text": "الإسماعيلية - السيد فلاح\n\nبدأت قناة السويس، في تيسير قافلة الشمال، القادمة من البحر المتوسط في اتجاه البحر الأحمر، بعد تعطله في الساعات الأولى من صباح اليوم الأربعاء، بعد جنوح سفينة الحاويات البنمية EVER GIVEN تتبع الخط الملاحي EVER GREEN، والتي جنحت فى المنطقة151 ترقيم القناة، خلال عبورها لقناة السويس، ضمن قافلة الجنوب في رحلتها القادمة من الصين والمتجهة إلى روتردام.\n\nووجه الفريق أسامة ربيع، رئيس هيئة قناة السويس، في بيان رسمى صادر عن الهيئة، رسالة طمأنة بشأن حركة الملاحة بالقناة وانتظامها مرة أخرى من خلال مجرى القناة الأصلية، مشدداً على أن قناة السويس لاتدخر جهدا لضمان انتظام الملاحة وخدمة حركة التجارة العالمية.\n\nوقع الحادث صباح أمس الثلاثاء، ويعود بشكل أساسي إلى انعدام الرؤية الناتجة عن سوء الأحوال الجوية نظراً لمرور البلاد بعاصفة ترابية، بلغت معها سرعة الرياح 40 عقدة، مما أدى إلى فقدان القدرة على توجيه السفينة ومن ثم جنوحها.\n\nفور وقوع الحادث، تشكلت لجنة إدارة الأزمات بقيا الفريق رئيس الهيئة، وتتم عمليات الإنقاذ الحالية من خلال إدارة التحركات بالهيئة وبواسطة ٨ قاطرات أبرزهم القاطرة بركة ١ بقوة شد ١٦٠ طن حيث تم الدفع من جانبي السفينة وتخفيف حمولة مياه الإتزان لتعويم السفينة واستئناف حركة الملاحة بالقناة.", "published date": "2021-03-24T00:00:00"}, {"title": "عاصفة ترابية تضرب الإسماعيلية.. طقس سيئ يضرب مدن القناة ..فيديو لايف", "text": "الاسماعيلية – السيد فلاح\n\nقدم \"تلفزيون اليوم السابع\"، بثاً مباشراً، اليوم الأربعاء، من شوارع محافظة الإسماعيلية – إحدى محافظات مدن القناة، والتى ضربتها موجة الطقس السيئ وهبوب للرياح مصحوبة بالأتربة تصل إلى حد العاصفة على بعض المناطق .\n\nوتشهد محافظة الإسماعيلية، استمرار فى نشاط الرياح المثيرة للرمال والأتربة التى أدت الى إنخفاض مستوى الرؤية الأفقية على معظم الأنحاء، ويتزامن مع ذلك بداية دخول السحب المنخفضة الممطرة على مناطق من الوجه البحرى مع تقدم ساعات النها، وفقاً لتوقعات هيئة الأرصاد الجوية .\n\nوفى نفس السياق، تسببت موجة الطقس السيئ وانعدام الرؤية فى حادثة بمجرى قناة السويس الملاحي، بجنوح إحدى السفن العابرة، وتكثف هيئة قناة السويس، من جهودها لتعويم السفينة وإنقاذها، بواسطة قاطرات ومعدات الهيئة .\n\nوأكد الفريق أسامة ربيع رئيس هيئة قناة السويس، فى بيان له، أن وحدات الإنقاذ وقاطرات الهيئة تواصل جهودها لتعويم سفينة الحاويات البنمية العملاقة EVER GIVEN والتى جنحت بالكيلومتر 151 ترقيم القناة، خلال عبورها لقناة السويس ضمن قافلة الجنوب فى رحلتها القادمة من الصين والمتجهة إلى روتردام، جاء ذلك خلال متابعته أعمال الإنقاذ وإجراءات تعويم السفينة من موقع الحادث.\n\nووجه رئيس الهيئة رسالة طمأنة بشأن حركة الملاحة بالقناة وانتظامها مرة أخرى من خلال مجرى القناة الأصلية، مشددا على أن قناة السويس لا تدخر جهدا لضمان انتظام الملاحة وخدمة حركة التجارة العالمية.\n\nكان الحادث، وقع صباح أمس الثلاثاء، ويعود بشكل أساسى إلى انعدام الرؤية الناتجة عن سوء الأحوال الجوية نظرا لمرور البلاد بعاصفة ترابية، حيث بلغت سرعة الرياح 40 عقدة، مما أدى إلى فقدان القدرة على توجيه السفينة ومن ثم جنوحها.\n\nفور وقوع الحادث، تشكلت لجنة إدارة الأزمات بقيادة الفريق رئيس الهيئة، وتتم عمليات الإنقاذ الحالية من خلال إدارة التحركات بالهيئة وبواسطة 8 قاطرات أبرزهم القاطرة بركة 1 بقوة شد 160 طن حيث يتم الدفع من جانبى السفينة وتخفيف حمولة مياه الإتزان لتعويم السفينة واستئناف حركة الملاحة بالقناة.\n\nجدير بالإشارة، أن سفينة الحاويات البنمية EVER GIVEN تتبع الخط الملاحى EVER GREEN، يبلغ طول السفينة 400 مترا، وعرضها 59 متر، فيما تبلغ حمولتها الإجمالية 224 ألف طن.", "published date": "2021-03-24T00:00:00"}, {"title": "شركة إنقاذ بحرى عالمية تشيد بإجراءات هيئة قناة السويس بتعويم السفينة الجانحة", "text": "أشادت شركة SMIT الهولندية، واحدة من أكبر الشركات العالمية المتخصصة فى مجال الإنقاذ البحرى، بالإجراءات التى اتخذتها هيئة قناة السويس لتعويم السفينة الجانحة، جاء ذلك خلال اجتماع فريق عمل الشركة الهولندية، اليوم الخميس، مع لجنة إدارة الأزمات بالهيئة لمناقشة سبل تعويم السفينة، وطرح السيناريوهات المقترحة بما فى ذلك إمكانية القيام بأعمال التكريك بمحيط السفينة من خلال كراكات الهيئة.\n\nوقال بيان لهئية قناة السويس، إن ذلك يأتى تتويجًا للتواصل والتنسيق المستمر بين هيئة قناة السويس والخط الملاحى EVER GREEN المالك للسفينة فى إطار جهود حل الأزمة وتعويم السفينة واستئناف حركة الملاحة مرة أخرى بالقناة، ومن المقرر أن تقوم شركة SMIT الهولندية بتقديم الاستشارات الفنية للهيئة الخاصة بإجراءات تعويم سفينة الحاويات البنمية العملاقة EVER GIVEN، على أن يتم التعامل من خلال الوحدات البحرية الخاصة بالهيئة.\n\nجدير بالإشارة، بأنه يجرى العمل حاليًا على القيام بأعمال التكريك بمحيط السفينة بواسطة كراكتين من كراكات الهيئة وهما الكراكة مشهور والكراكة العاشر من رمضان، فضلا عن جهود تسهيل عملية التعويم بإزالة الرمال المحتجزة عند مقدمة سفينة من خلال أربعة حفارات أرضية، كما شملت جهود التعويم، القيام بأعمال الشد والدفع للسفينة بواسطة 9 قاطرات عملاقة فى مقدمتهم القاطرتين بركة 1 وعزت عادل بقوة شد 160 طنا لكل منهما.\n\nجدير بالإشارة، أن سفينة الحاويات البنمية EVER GIVEN تتبع الخط الملاحى EVER GREEN، يبلغ طول السفينة 400 متر، وعرضها 59 متراً، فيما تبلغ حمولتها الإجمالية 224 ألف طن.", "published date": "2021-03-25T00:00:00"}, {"title": "هيئة قناة السويس:مواصلة جهود تعويم السفينة الجانحة ونتطلع للتعاون مع الولايات المتحدة", "text": "الإسماعيلية – السيد فلاح\n\nقالت هيئة قناة السويس فى بيان لها قبل قليل، اتصالاً بالجهود المبذولة حاليًا لتعويم سفينة الحاويات التي جنحت أثناء مرورها بقناة السويس، تُثمن هيئة قناة السويس ما تقدّمت به الولايات المتحدة الأمريكية من عرض للمساهمة في تلك الجهود، وتتطلع للتعاون معها في هذا الصدد تقديرًا لهذه المبادرة الطيبة والتي تؤكد على علاقات الصداقة والتعاون التي تربط بين البلديّن.\n\nكذلك، أعربت هيئة قناة السويس عن صادق الامتنان أيضًا لكل ما تلقته من عروض للمساعدة في هذا الشأن؛ مشيرةً إلى الجهود الجارية نحو إعادة تعويم سفينة الحاويات، ومؤكدةً على حرص هيئة قناة السويس على انتظام حركة الملاحة العالمية في القناة في أقرب وقت.\n\nواستعانت هيئة قناة السويس، بشركة SMIT الهولندية واحدة من أكبر الشركات العالمية المتخصصة في مجال الإنقاذ البحري، للمشاركة في عملية تعويم السفينة التى تحمل علم بنما، وجانحة في نقطة 151 ترقيم قناة السويس.\n\nوشكلت قناة السويس، لجنة إدارة الأزمات بالهيئة برئاسة الفريق أسامة ربيع، رئيس هيئة قناة السويس، وتم عقد اجتماع مع فريق عمل الشركة الهولندية وهى أحدى الشركات العالمية المتخصصة في مجال الإنقاذ البحري، وأشادت الشركة الهولندية بالإجراءات التي اتخذتها هيئة قناة السويس لتعويم السفينة الجانحة، وتم وطرح السيناريوهات المقترحة بما في ذلك إمكانية القيام بأعمال التكريك بمحيط السفينة من خلال كراكات الهيئة.\n\nوتقوم شركة SMIT الهولندية بتقديم الاستشارات الفنية للهيئة الخاصة بإجراءات تعويم سفينة الحاويات البنمية العملاقةEVER GIVEN، ويتم التعامل من خلال الوحدات البحرية الخاصة بالهيئة، كما يجرى العمل حاليًا على القيام بأعمال التكريك بمحيط السفينة بواسطة كراكتين من كراكات الهيئة وهما الكراكة مشهور والكراكة العاشر من رمضان، فضلا عن جهود تسهيل عملية التعويم بإزالة الرمال المحتجزة عند مقدمة سفينة من خلال أربعة حفارات أرضية، كما شملت جهود التعويم، القيام بأعمال الشد والدفع للسفينة بواسطة 9 قاطرات عملاقة في مقدمتهم القاطرتين بركة 1 وعزت عادل بقوة شد 160 طن لكل منهما.\n\nوأعلن الفريق أسامة ربيع، رئيس هيئة قناة السويس، تعليق حركة الملاحة بالقناة مؤقتًا، بالمجرى الملاحى لقناة السويس، لحين الانتهاء من أعمال تعويم سفينة الحاويات البنمية العملاقة EVER GIVEN الجانحة بالكيلو متر 151 ترقيم قناة.\n\nوأوضح رئيس هيئة قناة السويس، في بيان رسمى، أن حركة الملاحة بالقناة شهدت الأربعاء، عبور 13 سفينة من بورسعيد ضمن قافلة الشمال كان من المستهدف إكمال مسيرتها في القناة وفقاً للتوقعات الخاصة بانتهاء إجراءات تعويم السفينة الجانحة، إلا أنه مع تواصل أعمال تعويم السفينة كان لابد من التحرك وفق السيناريو البديل بالانتظار بمنطقة البحيرات الكبرى لحين استئناف حركة الملاحة بشكل كامل بعد تعويم السفينة بمشيئة الله.\n\nوشملت جهود تعويم السفينة، القيام بأعمال الشد والدفع بواسطة 8 قاطرات عملاقة في مقدمتهم القاطرة بركة 1 بقوة شد 160طن.\n\nوتتبع سفينة الحاويات البنمية EVER GIVEN تتبع الخط الملاحي EVER GREEN، يبلغ طول السفينة 400 متر، وعرضها 59 مترًا، فيما تبلغ حمولتها الإجمالية 224 ألف طن.", "published date": "2021-03-26T00:00:00"}, {"title": "سفينة قناة السويس الجانحة.. آخر جهود التعويم وتطورات الموقف من داخل هيئة القناة", "text": "الإسماعيلية - السيد فلاح\n\nقدم \"تليفزيون اليوم السابع\" بثاً مباشراً من فعاليات مؤتمر صحفى عقده الفريق أسامة ربيع، رئيس هيئة قناة السويس، في الثانية ظهر اليوم بنادي الشاطئ بمحافظة السويس للتعليق على تطورات جهود تعويم سفينة الحاويات البنمية EVER GIVEN الجانحة بالقناة، حيث أكد الفريق أسامة ربيع، رئيس هيئة قناة السويس، مواصلة جهود تعويم سفينة الحاويات البنمية العملاقة EVER GIVEN الجانحة بالكيلو متر 151 ترقيم القناة.\n\n\n\n\n\nوأعلن رئيس هيئة قناة السويس، في بيان له، بدء مناورات القطر للسفينة الجانحة مساء أمس من خلال 9 قاطرات عملاقة في مقدمتهم القاطرة \"بركة 1\" والقاطرة \"عزت عادل\" وذلك بعد انتهاء أعمال التكريك بمنطقة مقدمة السفينة بواسطة الكراكة \"مشهور\"، وأوضح الفريق ربيع، أن مناورات القطر تتطلب توافر عدة عوامل مساعدة أبرزها اتجاه الرياح والمد والجذر مما يجعلها عملية فنية معقدة لها تقديراتها وإجراءاتها ومحاولاتها المتعددة وفقا لمواضع واختبارات الشد.\n\nونجحت محاولة تعويم السفينة الجانحة بقناة السويس، في تحريك جزء بسيط منها، لكنها لم تنجح عملية التعويم بشكل كامل حتى الآن، وسط محاولات لإعادة تعويمها، وشملت جهود تعويم السفينة، القيام بأعمال الشد والدفع بواسطة 8 قاطرات عملاقة في مقدمتهم القاطرة بركة 1 بقوة شد 160 طن، وعزت عادل.\n\nوانتهت عمليات التكريك الخاصة التى تشرف عليها قناة السويس، في مقدمة السفينة الجانحة بالقناة، في النقطة 151 ترقيم، بعد إزالة وتكريك 20 ألف متر مكعب من الرمال، وبدأت عمليات التعويم من خلال القاطرة بركة 1، والقاطرة عزت عادل.\n\nوقالت هيئة قناة السويس، إنه اتصالاً بالجهود المبذولة حاليًا لتعويم سفينة الحاويات التي جنحت أثناء مرورها بقناة السويس، فإنها تُثمن هيئة قناة السويس ما تقدّمت به الولايات المتحدة الأمريكية من عرض للمساهمة في تلك الجهود، وتتطلع للتعاون معها في هذا الصدد تقديرًا لهذه المبادرة الطيبة والتي تؤكد على علاقات الصداقة والتعاون التي تربط بين البلديّن.\n\nوكذلك، أعربت هيئة قناة السويس عن صادق الامتنان أيضًا لكل ما تلقته من عروض للمساعدة في هذا الشأن؛ مشيرةً إلى الجهود الجارية نحو إعادة تعويم سفينة الحاويات، ومؤكدةً على حرص هيئة قناة السويس على انتظام حركة الملاحة العالمية في القناة في أقرب وقت، واستعانت هيئة قناة السويس، بشركة SMIT الهولندية واحدة من أكبر الشركات العالمية المتخصصة في مجال الإنقاذ البحري، للمشاركة في عملية تعويم السفينة التى تحمل علم بنما، وجانحة في نقطة 151 ترقيم قناة السويس.\n\nوشكلت قناة السويس، لجنة إدارة الأزمات بالهيئة برئاسة الفريق أسامة ربيع، رئيس هيئة قناة السويس، وتم عقد اجتماع مع فريق عمل الشركة الهولندية وهى أحدى الشركات العالمية المتخصصة في مجال الإنقاذ البحري، وأشادت الشركة الهولندية بالإجراءات التي اتخذتها هيئة قناة السويس لتعويم السفينة الجانحة، وتم وطرح السيناريوهات المقترحة، وتقوم شركة SMIT الهولندية بتقديم الاستشارات الفنية للهيئة الخاصة بإجراءات تعويم سفينة الحاويات البنمية العملاقةEVER GIVEN، ويتم التعامل من خلال الوحدات البحرية الخاصة بالهيئة.", "published date": "2021-03-27T00:00:00"}, {"title": "الانتهاء من تكريك مقدمة السفينة الجانحة بقناة السويس وبدء عمليات التعويم", "text": "وقالت هيئة قناة السويس، إنه اتصالاً بالجهود المبذولة حاليًا لتعويم سفينة الحاويات التي جنحت أثناء مرورها بقناة السويس، فإنها تُثمن هيئة قناة السويس ما تقدّمت به الولايات المتحدة الأمريكية من عرض للمساهمة في تلك الجهود، وتتطلع للتعاون معها في هذا الصدد تقديرًا لهذه المبادرة الطيبة والتي تؤكد على علاقات الصداقة والتعاون التي تربط بين البلديّن.\n\nكذلك، أعربت هيئة قناة السويس عن صادق الامتنان أيضًا لكل ما تلقته من عروض للمساعدة في هذا الشأن؛ مشيرةً إلى الجهود الجارية نحو إعادة تعويم سفينة الحاويات، ومؤكدةً على حرص هيئة قناة السويس على انتظام حركة الملاحة العالمية في القناة في أقرب وقت.\n\nواستعانت هيئة قناة السويس، بشركة SMIT الهولندية واحدة من أكبر الشركات العالمية المتخصصة في مجال الإنقاذ البحري، للمشاركة في عملية تعويم السفينة التى تحمل علم بنما، وجانحة في نقطة 151 ترقيم قناة السويس.\n\nوشكلت قناة السويس، لجنة إدارة الأزمات بالهيئة برئاسة الفريق أسامة ربيع، رئيس هيئة قناة السويس، وتم عقد اجتماع مع فريق عمل الشركة الهولندية وهى أحد الشركات العالمية المتخصصة في مجال الإنقاذ البحري، وأشادت الشركة الهولندية بالإجراءات التي اتخذتها هيئة قناة السويس لتعويم السفينة الجانحة، وتم وطرح السيناريوهات المقترحة بما في ذلك إمكانية القيام بأعمال التكريك بمحيط السفينة من خلال كراكات الهيئة.\n\nوتقوم شركة SMIT الهولندية بتقديم الاستشارات الفنية للهيئة الخاصة بإجراءات تعويم سفينة الحاويات البنمية العملاقةEVER GIVEN، ويتم التعامل من خلال الوحدات البحرية الخاصة بالهيئة، كما يجرى العمل حاليًا على القيام بأعمال التكريك بمحيط السفينة بواسطة كراكتين من كراكات الهيئة وهما الكراكة مشهور والكراكة العاشر من رمضان، فضلا عن جهود تسهيل عملية التعويم بإزالة الرمال المحتجزة عند مقدمة سفينة من خلال أربعة حفارات أرضية، كما شملت جهود التعويم، القيام بأعمال الشد والدفع للسفينة بواسطة 9 قاطرات عملاقة في مقدمتهم القاطرتين بركة 1 وعزت عادل بقوة شد 160 طن لكل منهما.\n\nوأعلن الفريق أسامة ربيع، رئيس هيئة قناة السويس، تعليق حركة الملاحة بالقناة مؤقتًا، بالمجرى الملاحى لقناة السويس، لحين الانتهاء من أعمال تعويم سفينة الحاويات البنمية العملاقة EVER GIVEN الجانحة بالكيلو متر 151 ترقيم قناة.\n\nوأوضح رئيس هيئة قناة السويس، في بيان رسمى، أن حركة الملاحة بالقناة شهدت الأربعاء، عبور 13 سفينة من بورسعيد ضمن قافلة الشمال كان من المستهدف إكمال مسيرتها في القناة وفقاً للتوقعات الخاصة بانتهاء إجراءات تعويم السفينة الجانحة، إلا أنه مع تواصل أعمال تعويم السفينة كان لابد من التحرك وفق السيناريو البديل بالانتظار بمنطقة البحيرات الكبرى لحين استئناف حركة الملاحة بشكل كامل بعد تعويم السفينة بمشيئة الله.\n\nوشملت جهود تعويم السفينة، القيام بأعمال الشد والدفع بواسطة 8 قاطرات عملاقة في مقدمتهم القاطرة بركة 1 بقوة شد 160طن.\n\nوتتبع سفينة الحاويات البنمية EVER GIVEN تتبع الخط الملاحي EVER GREEN، يبلغ طول السفينة 400 متر، وعرضها 59 مترًا، فيما تبلغ حمولتها الإجمالية 224 ألف طن.", "published date": "2021-03-26T00:00:00"}, {"title": "تحرك جزئى للسفينة الجانحة بقناة السويس واستمرار محاولة تعويمها.. صور", "text": "الإسماعيلية – السيد فلاح\n\nنجحت محاولة تعويم السفينة الجانحة بقناة السويس، فى تحريك جزء بسيط منها، وسط محاولات لإعادة تعويمها بشكل كامل، وشملت جهود تعويم السفينة، القيام بأعمال الشد والدفع بواسطة 8 قاطرات عملاقة فى مقدمتهم القاطرة بركة 1 بقوة شد 160 طن، وعزت عادل.\n\nوانتهت عمليات التكريك الخاصة التى تشرف عليها قناة السويس، فى مقدمة السفينة الجانحة بالقناة، فى النقطة 151 ترقيم، بعد إزالة وتكريك 20 ألف متر مكعب من الرمال، وبدأت عمليات التعويم من خلال القاطرة بركة 1، والقاطرة عزت عادل.\n\nوقالت هيئة قناة السويس، إنه اتصالا بالجهود المبذولة حاليًا لتعويم سفينة الحاويات التى جنحت أثناء مرورها بقناة السويس، فإنها تُثمن هيئة قناة السويس ما تقدّمت به الولايات المتحدة الأمريكية من عرض للمساهمة فى تلك الجهود، وتتطلع للتعاون معها فى هذا الصدد تقديرًا لهذه المبادرة الطيبة والتى تؤكد على علاقات الصداقة والتعاون التى تربط بين البلديّن.\n\nوأعربت هيئة قناة السويس عن صادق الامتنان أيضًا لكل ما تلقته من عروض للمساعدة فى هذا الشأن؛ مشيرةً إلى الجهود الجارية نحو إعادة تعويم سفينة الحاويات، مؤكدةً حرص هيئة قناة السويس على انتظام حركة الملاحة العالمية فى القناة فى أقرب وقت.\n\nواستعانت هيئة قناة السويس، بشركة هولندية واحدة من أكبر الشركات العالمية المتخصصة فى مجال الإنقاذ البحرى، للمشاركة فى عملية تعويم السفينة التى تحمل علم بنما، وجانحة فى نقطة 151 ترقيم قناة السويس.\n\nوشكلت قناة السويس، لجنة إدارة الأزمات بالهيئة برئاسة الفريق أسامة ربيع، رئيس هيئة قناة السويس، وتم عقد اجتماع مع فريق عمل الشركة الهولندية وهى أحدى الشركات العالمية المتخصصة فى مجال الإنقاذ البحرى، وأشادت الشركة الهولندية بالإجراءات التى اتخذتها هيئة قناة السويس لتعويم السفينة الجانحة، وتم وطرح السيناريوهات المقترحة.\n\nوأعلن الفريق أسامة ربيع، رئيس هيئة قناة السويس، تعليق حركة الملاحة بالقناة مؤقتًا، بالمجرى الملاحى لقناة السويس، لحين الانتهاء من أعمال تعويم سفينة الحاويات البنمية العملاقة EVER GIVEN الجانحة بالكيلو متر 151 ترقيم قناة.\n\nوأوضح رئيس هيئة قناة السويس، أن حركة الملاحة بالقناة شهدت الأربعاء، عبور 13 سفينة من بورسعيد ضمن قافلة الشمال كان من المستهدف إكمال مسيرتها فى القناة وفقًا للتوقعات الخاصة بانتهاء إجراءات تعويم السفينة الجانحة، إلا أنه مع تواصل أعمال تعويم السفينة كان لابد من التحرك وفق السيناريو البديل بالانتظار بمنطقة البحيرات الكبرى لحين استئناف حركة الملاحة بشكل كامل بعد تعويم السفينة بمشيئة الله.\n\nوتتبع سفينة الحاويات البنمية EVER GIVEN تتبع الخط الملاحى EVER GREEN، يبلغ طول السفينة 400 متر، وعرضها 59 مترًا، فيما تبلغ حمولتها الإجمالية 224 ألف طن.", "published date": "2021-03-26T00:00:00"}, {"title": "85 مليون دولار من نصيب Raya and the Last Dragon بـ دور العرض حول العالم", "text": "لميس محمد\n\nوصلت إيرادات فيلم الأنيمشن والدراما العائليةRaya and the Last Dragon ، إلى 85 مليونًا و132 ألف دولار أمريكى، وذلك بعد طرحه ويم 5 مارس الماضى، وذلك بعد عرضه على أكثر من 2000.\n\nوانقسمت إيرادات Raya and the Last Dragon بين 30 مليونا و932 ألف دولار فى دور العرض بالولايات المتحدة الأمريكية، و54 مليونًا و200 ألف دولار بدور العرض حول العالم، وكان قد حقق العمل 8 ملايين و502 ألف دولار فى الافتتاحية بـ2045 دارعرض أمريكية.\n\nويري صناع السينما أنه يجب توجيه الشكر لشركة ديزنى فى ظل الظروف الحالية، حيث أعادت فتح دور السينما في لوس أنجلوس وقت طرح\"Raya and the Last Dragon\"، ومنحت دور السينما الإذن باستئناف العرض، لكن معظم عارضين الأفلام لم يتمكنوا من النهوض والتشغيل حتى الآن، حسب ما نشر موقع variety.\n\nوتدور أحداث فيلم Raya And The Last Dragon منذ زمن بعيد، فى عالم خيالى يدعى \"كوماندرا\" عاش خلاله البشر والتنين معًا فى وئام، لكن عندما هددت قوة شريرة الأرض، ضحى التنانين بأنفسهم لإنقاذ البشرية، والآن بعد 500 عام، عاد هذا الشر نفسه والأمر متروك لمحارب وحيد، \"ريا\"، لتعقب التنين الأسطوري الأخير لاستعادة الأرض المكسورة وشعبها المنقسم.\n\nالفيلم الجديد بطولة النجمة العالمية كيلي ماري تران التي شاركت بادائها الصوتي في فيلم Star Wars، والتي ظهرت فيه المحارب ذو الخبرة الذي يبحث عن آخر تنين من عالم كوماندرا الخيالي، وسرعان ما تنضم رايا في مغارماتها مع رفيقها الجديد \"التنين\" بعد العثور عليها والتنقل معاً داخل الكهوف، ويقوم بالأداء الصوتي في الفيلم أوكوافينا وكيلي ماري تران، وأخرج دون هال وكارلوس لوبيز استرادا.", "published date": "2021-04-05T00:00:00"}, {"title": "حريق فى مصنع للكيماويات بولاية ميزورى الأمريكية", "text": "أفادت وسائل إعلام أمريكية، بوقوع حريق فى مصنع للكيماويات بولاية ميزورى الأمريكية، أسفر عن وقوع انفجارات، وأشارت قناة Fox 2 ، إلى أن الحريق نشب فى مصنع \"مانور كيميكال\" بالقرب من مدينة أفتون فى مقاطعة سانت لويس.\n\nوبحسب \"روسيا اليوم\"، أكدت السلطات المحلية السيطرة على الحريق الذى أسفر عن إصابة أحد رجال الإطفاء بجروح. وقامت السلطات بإجلاء السكان الذين يعيشون فى محيط الموقع ضمن دائرة يبلغ نصف قطرها نصف ميل.\n\nGOOD SIGN: First time we have seen fire crews leaving the scene. pic.twitter.com/SDvxjR0lyn", "published date": "2021-04-30T00:00:00"}, {"title": "سامح شكرى يستقبل وزير خارجية أمريكا غدا يعقبه إيجاز صحفى فى قصر التحرير", "text": "كتب أحمد جمعة\n\nيستقبل سامح شكري وزيـر الخـارجـية، غدا الأربعاء، انتوني بلينكن وزير الخارجية الأمريكي وذلك بقصر التحرير، وسيقوم الوزيران بإلقاء كلمة قصيرة أمام الكاميرات.\n\nوكان وزير الخارجية الأمريكى أنتونى بلينكن،قد قال إنه بطلب من الرئيس جو بايدن يسافر إلى القدس ورام الله والقاهرة وعمان للقاء الأطراف لدعم جهودهم لتعزيز وقف إطلاق النار، وأضاف أن الولايات المتحدة تشارك فى دبلوماسية مكثفة لإنهاء العداوات وخفض التوترات.\n\nAt the request of President Biden, I am traveling to Jerusalem, Ramallah, Cairo, and Amman to meet with the parties to support their efforts to solidify a ceasefire. The United States has engaged in intensive diplomacy to bring an end to the hostilities and reduce tensions.\n\n— Secretary Antony Blinken (@SecBlinken) May 24, 2021\n\nقال بيان الخارجية الأمريكية أن الوزير بلينكن سيسافر إلى القدس ورام الله والقاهرة وعمان من 24 إلى 27 مايو الحالى.\n\nويقوم بلينكن بهذه الزيارة بطلب من الرئيس بايدن، سيسافر أولا إلى القدس حيث يلتقى بالرئيس الإسرائيلى ريفين رييفلين ورئيس الوزراء بنيامين نتيناهو ووزير الخارجية جابى أشكنازى وكبار المسئولين الإسرائيليين. وفى رام الله، سيلقتى بالرئيس الفلسطينى محمود عباس ورئيس الوزراء محمد أشتية وكبار المسئولين بالسلطة الفلسطينية. بعدها يصل بلينكن إلى القاهرة، ويلتقى مع الرئيس عبد الفتاح السيسى والوزير سامح شكرى، ويختم الوزير الأمريكى جولته بزيارة الأردن ويلتقى مع جلالة الملك عبد الله الثانى ووزير الخارجية أيمن صفدى.\n\nوقال بيان الخارجية الأمريكية، إن الولايات المتحدة تشارك فى دبلوماسية مكثفة لوضع نهاية للعداوات فى قزة، ويسافر الوزير بلينكن إلى المنطقة لمناقشة جهود المتابعة الرئيسة لتعزيز وقف إطلاق النار وخفض مخاطر صراع آخر خلال الأشهر المقبلة.\n\nوكان الرئيس الأمريكى جو بايدن قال فى وقت سابق أن بلينكن سيواصل جهود إعادة بناء العلاقات مع الشعب الفلسطينى وزعمائه وتقديم المساندة له.", "published date": "2021-05-25T00:00:00"}, {"title": "الحكومة: مصر تبنت إصلاحات ضريبية وتسهيلات فى الإجراءات أثبتت نجاحها عالميا", "text": "كتبت هند مختار\n\nنشر مركز المعلومات ودعم اتخاذ القرار إنفوجراف يسلط الضوء على حالة الاقتصاد غير الرسمي في منطقة الشرق الأوسط وشمال إفريقيا، حيث أصدرت مجموعة البنك الدولي تقريرًا مطولًا بعنوان \"The Long Shadow of Informality Challenges and Policies\" لتقييم جهود الحكومات حول العالم في تقليل هامش مساهمات اقتصاداتها غير الرسمية.\n\nوجاء في التقرير أن دول الشرق الأوسط وشمال إفريقيا تعاني كبر حجم هامش اقتصاداتها غير الرسمية، وقد برزت عدة دول تعمل جاهدة لتحديد هذا الهامش، ومنها مصر، والتي أكد التقرير تبنيها إصلاحات ضريبية وتسهيلات في الإجراءات أثبتت نجاحها عالميًّا، وقامت على توفيقها مع الوضع المحلي، هذا بجانب، استحداث آليات للدفع والتحصيل الإلكتروني تسهل وتشجع أصحاب الأعمال على الانتقال إلى قنوات الاقتصاد الرسمى، والاستفادة من التسهيلات المالية المقدمة ومميزات العمل داخل الاقتصاد الرسمى.", "published date": "2021-05-29T00:00:00"}, {"title": "منهم 3 لحراس المرمى.. يورو 2020 تسجل \"رقم قياسى\" فى أهداف النيران الصديقة (7)", "text": "حققت بطولة يورو 2020، رقم قياسيا جديدا فى أهداف النيران الصديقة \"الأهداف العكسية\"، التى سجلت خلال البطولة الحالية، حيث شهدت مباراة سلوفاكيا وإسبانيا، التى تقام حاليا ضمن لقاءات الجولة الختامية من دور المجموعات للمجموعة الخامسة،الهدف السابع هذه البطولة، لتعادل الأهداف العكسية التى سجلت خلال آخر 5 بطولات ومنذ عام 2000.\n\nWhat was that 😭😭😭 Spain 1-0 Slovakia #EURO2020 #SVKESP #SVK pic.twitter.com/D8pdLIjhwr", "published date": "2021-06-23T00:00:00"}, {"title": "بريتنى سبيرز تكشف عن حبها للخيول وعالم الفروسية .. اعرف الحكاية", "text": "ذكى مكاوى\n\nكشفت النجمة بريتني سبيرز عن حبها للخيل وعالم الفروسية من خلال أحدث صور لها نشرها موقع ديلى ميل خلال تقرير أخير له أكد فيه أن النجمة الشهيرة والتي تعتبر من أكثر المغنيات المحبوبات في العالم تعشق الخيول.\n\nوذلك بعدما تميزت بريتني سبيرز خلال أحدث ظهور لها وهي تركب على الخيل، وكتبت في بوست لها على حسابها بموقع انستجرام \"أعشق ركوب الخيل\".\n\n\n\nبريتني سبيرز\n\nكما نفى تقرير ديلى ميل أيضًا أن مزرعة الخيول تابعة لـ بريتني سبيرز أو تملكها، مؤكدًا أنها مزرعة عامة زارتها نجمة أغاني البوب مؤخرًا.\n\nمن ناحية أخرى تم طرح الفيلم الوثائقى The Battle for Britney: Fans, Cash and a Conservatorship، عن حياة المغنية بريتني سبيرز، خلال شهر مايو الماضى، والفيلم تصل مدته حوالى ساعة، وفقا للتقرير الذى نشر على موقع \"nme\".\n\n\n\nبريتني سبيرز\n\nوأتى هذا الفيلم الوثائقى بعد الفيلم السابق الذى طُرح أوائل العام الجارى، تحت اسم Framing Britney Spears، على أن يقدم الفيلم، صحفى يسمى \"موبين أزهر\"، حيث سيسافر أزهر من لوس أنجلوس إلى كنتوود، لويزيانا، حيث نشأت سبيرز، وفقا للتقرير الذى نشر على موقع \"nme\".\n\nوقد كشف فيلم The Battle for Britney: Fans, Cash and a Conservatorship، فترة الوصاية التي استمرت 13 عامًا، خاصة في استكشاف التفويض الذي جعل والد بريتني جيمي سبيرز يشرف على الشئون المالية والشخصية لابنته لأكثر من عقد من الزمان.", "published date": "2021-06-06T00:00:00"}, {"title": "رئيس وزراء كندا عن حادث دهس 5 مسلمين: لا مكان للإسلاموفوبيا فى مجتمعنا", "text": "أعرب رئيس وزراء كندا جاستن ترودو عن تضامنه مع المسلمين فى بلاده بعد حادث دهس تعرضت له أسرة مكونة من خمس أفراد فى مدينة لندن، مساء الأحد الماضى، والذى أسفر عن مقتل أربعة وإصابة طفل.\n\nوقال ترودو فى سلسلة من التغريدات على حسابه الرسمى على تويتر: \"لقد أصابنى الروع من الأخبار القادمة من مدينة لندن فى مقاطعة أونتاريو.. لأحباء هؤلاء الذين تم إرهابهم بحادث الكراهية أمس، نحن هنا معك... ونحن هنا أيضا مع الطفل الذى لا يزال فى المستشفى.. قلوبنا معكن، وستكونون فى أفكارنا وأنتم تتعافون\".\n\nTo the Muslim community in London and to Muslims across the country, know that we stand with you. Islamophobia has no place in any of our communities. This hate is insidious and despicable - and it must stop.", "published date": "2021-06-08T00:00:00"}, {"title": "شاهد حشرة \"السيكادا\" تهاجم بايدن خلال رحلته الأولى خارج أمريكا", "text": "تعرض الرئيس الأمريكي جو بايدن لموقف طريف خلال مهاجمة حشرات \"سيكادا\" أو الزيز العملاقة له خلال تواجده في المطار قبل رحلته الأولي خارج الولايات المتحدة الأمريكية لأوروبا، لحضور قمة مجموعة الدول الصناعية السبع الكبرى.\n\nوظهر بايدن في عدة صوروفيديو خلال وقوف الحشرة على رقبته، كما قام بدفعها عنه، وقال لعدد من الصحفيين قبل الإقلاع من المطار :\" احترس من السيكادا\". \"لقد حصلت على واحدة\"، وفقا لموقع فوكس نيوز.\n\nPresident Biden gets the cicada treatment on the way to Europe pic.twitter.com/ywthb2hIJy", "published date": "2021-06-10T00:00:00"}, {"title": "تعرف على تفاصيل حفل افتتاح بطولة اليورو 2020", "text": "كتب سيد حسنى\n\nساعات قليلة تفصلنا عن حفل افتتاح بطولة يورو 2020 الذي سيقام على ملعب \"الأولمبيكو\" في العاصمة الإيطالية روما، قبل مباراة منتخب إيطاليا أمام تركيا مساء اليوم الجمعة، في ضربة البداية للبطولة.\n\nبطولة اليورو\n\nوذكرت صحيفة \"كوريري ديلو سبورت\" الإيطالية، بعضًا من تفاصيل حفل إفتتاح البطولة، حيث سيتم عرض مقطع فيديو في ملعب \"الأولمبيكو\" والذي سيعيد تتبع الستين عامًا الماضية من المسابقة الأوروبية، ثم سيصل إلى أرض الملعب أسطورتان للمنتخب الإيطالي وهما أليساندرو نيستا وفرانشيسكو توتي.\n\nوسيدخل ستة فرسان من شرطة الولاية يرتدون زيًا تاريخيًا، وسيظلوا مصطفين على طول مسار ألعاب القوى في الاستاد أثناء الأداء، مع الرقص باستخدام كرات الهيليوم العملاقة، وإنشاء حوار مرئي مع 12 من عازفي الإيقاع.\n\nبطولة اليورو\n\nستتبع لحظة أخرى مثيرة للغاية ، حيث يؤدي المطرب الإيطالي أندريا بوتشيلي أغنية \"Nessun Dorma\" على أرض الملعب، بينما ستشكل البالونات الـ 24 بأعلام الدول المشاركة مجموعة واحدة من خلفه.\n\nومن المقرر أن يرفع شعار كأس الأمم الأوروبية إلى السماء بشكل رمزي، وتحيط به انفجار مؤثرات نارية ملونة ستشغل سقف الملعب بالكامل، على أن يكون الختام بأغنية مارتن جاريكس وبونو وذا إيدج \"We Are The People\" وهي الأغنية الرسمية لبطولة يورو 2020.\n\nبطولة اليورو\n\nومن المنتظر أن تنطلق مباراة إيطاليا ضد كرواتيا في الجولة الأولى من دور المجموعات عن المجموعة الأولى، عقب حفل الافتتاح مباشرة في تمام التاسعة مساء بتوقيت القاهرة.", "published date": "2021-06-11T00:00:00"}, {"title": "رسميًا.. محمد صلاح أفضل لاعب فى الدوري الإنجليزي بتصويت الجماهير", "text": "حصل نجمنا المصرى محمد صلاح، لاعب ليفربول على جائزة أفضل لاعب بالدوري الإنجليزي الممتاز، المُقدمة من رابطة اللاعبين المحترفين، بعد حصوله على أعلى نسبة تصويت.\n\nولعب محمد صلاح الموسم المنقضي مع ليفربول 37 مباراة في الدوري الإنجليزي الممتاز، سجل فيها 22 هدفا وصنع 5، واحتل المركز الثاني في ترتيب هدافي المسابقة، متأخرا بهدف عن هاري كين الذي نال جائزة الهداف.\n\nواحتل ليفربول المركز الثالث في ترتيب الدوري الإنجليزي موسم 2020/2021 وحصد 69 نقطة من 38 مباراة، ليضمن التأهل مباشرة لدور المجموعات في دوري أبطال أوروبا.\n\n🙌🏆 Congratulations @MoSalah, voted the Premier League PFA @BristolStMotors Fans’ Player of the Year!\n\n@LFC#PFAFansAward pic.twitter.com/QslxHm4f3w", "published date": "2021-06-11T00:00:00"}, {"title": "مايكل جاكسون.. هل أراد ملك البوب أن تكون حياته أكبر لغز على الأرض؟.. فيديو", "text": "تحل الجمعة، ذكرى رحيل وفاة أيقونة الموسيقى وملك البوب مايكل جاكسون، الذى رحل عن عالمنا يوم 25 يونيو 2009، ومازالت أغانية عالقة بأذهان كل عشاق الموسيقى والغناء من مختلف الأعمار.\n\nاشتهر جاكسون بـ STYLE ملابسه المميز والإكسسوارات وارتداء القفازات والجوارب اللامعة وارتداء أيضًا \"شارة على ذراعه\"، ووضع لصقات بيضاء على أطراف أصابعه، لكن وفقًا لمايكل بيردين، الذى عمل مع أيقونة الموسيقى والغناء الراحل مايكل جاكسون فى \"This Is It tour\"، كان للشريط غرض مهم على خشبة المسرح، نظرًا لأن مايكل كان يحيى حفلات ضخمة تضم عددًا كبيرًا من الناس، فكان يرتدى جاكسون الجوارب البيضاء والأشرطة البيضاء على أصابعه، وبذلك كانت حركات رقصه أكثر وضوحًا للمعجبين فى الخلف، حيث سيلتقط اللون الأبيض الضوء حتى يتمكن المعجبون من رؤية ما كان يفعله.\n\nفى حين أكد آخرون أنه على الرغم من هذه النظرية التى تربط بين هذه الملابس، إلا أن البعض أكدوا أن الشريط له هدف آخر وهو \"تغطية البهاق\".\n\nفيما أشارت تقارير إلى أن السبب فى ارتداء القفاز الفردى اللامع هو تغير لون الجلد.\n\nأما حارسه الشخصى السابق \"مات فيدس\" روى سببًا مختلفًا تمامًا، وقال فى تصريح لـMetro: \"لقد عرف كيف يتلاعب بالإعلام.. حيث كان يعرف بالضبط كيفية تصدر الصفحات الأولى.. ففى 90% من الوقت كان يضع قناع على وجهه، أو شريط لاصق على يديه أو الشريط على أنفه وهو كان الأمر المفضل بالنسبة له.. وكان دائما يقول أنه يريد أن تكون حياته أكبر لغز على وجه الأرض\".", "published date": "2021-06-25T00:00:00"}, {"title": "مقتل شخصين وإصابة أخرين في عملية طعن بمدينة فورتسبورج الألمانية.. فيديو", "text": "قالت وسائل إعلام ألمانية، إن شخصين قتلوا في حادث طعن نفذه رجل يحمل سكينا في مدينة فورتسبورج، قبل أن تتمكن قوات الشرطة من اعتقاله.\n\nوانتشر فيديو مصور على موقع تويتر، لرجل يحمل سكينا، ويحاول أخرون ضبطه ولكنه يهاجمهم بالسلاح الأبيض الذى يحمله، وأصاب به عدد من المارة.\n\nوتعاني السلطات الألمانية من انتشار مثل هذه الحوادث، حيث أصيب الشهر الماضي، عدة أشخاص بجروح بليغة في بلدة اوبيرهاوزن غرب ألمانيا نتيجة عملية طعن من قبل شخص لم تحدد هويته.\n\nBREAKING VIDEO: 2 people dead and multiple injured in stabbing attack at Barbarossaplatz in Wuerzburg, Germany. A man with a knife can be seen attacking people in the video:\n\n\n\npic.twitter.com/AhTFT2QtPw", "published date": "2021-06-25T00:00:00"}, {"title": "الكاف يختار أفشة أفضل لاعب فى مباراة الأهلى والترجى التونسى", "text": "اختارت الصفحة الرسمية للاتحاد الأفريقى لكرة القدم \"كاف\"، على \"تويتر\"، محمد مجدى أفشة صانع ألعاب الأهلى كأفضل لاعب فى مباراة الترجى التونسى التى انتهت بفوز المارد الأحمر بثلاثة أهداف دون رد، ليصعد للمباراة النهائية لدوري الأبطال الأفريقى ويضرب موعداً مع كايزر تشيفز بطل جنوب أفريقيا.\n\nوصنع أفشة هدفين من الثلاثة التى سجلها الأهلى فى المباراة، ليتفوق فى تصويت الجماهير على صفحة الكاف على زميليه أكرم توفيق ومحمد شريف.\n\nوتمكن الفريق الأول لكرة القدم بالنادى الأهلى من حجز مقعده فى نهائى بطولة دورى أبطال أفريقيا، بعد تغلبه على الترجى التونسى فى نصف نهائى البطولة ذهابا وإيابا بأربعة أهداف نظيفة.\n\nوعزز الأهلى رقمه كأكثر الأندية الأفريقية فى عدد مرات بلوغ نهائى دورى الأبطال للمرة الـ14 فى تاريخ مشاركاته بالبطولة، بعدما سبق له الظهور فى النهائى القارى فى 13 مناسبة.\n\nوعلى مدار 13 نهائيا سابقا للملك المتوج على عرش قارة المواهب نجح فى تحقيق اللقب فى 9 مناسبات، فى رقم قياسى للفريق فى عدد مرات التتويج باللقب الأهم فى القارة السمراء، واكتفى بالوصيف فى 4 مناسبات.\n\nThe fans vote @AfshaMagdy TotalEnergies Man of the Match for @AlAhly vs. @ESTunis1919! ✨🔝#TotalEnergiesCAFCL | @Football2Gether pic.twitter.com/1q8sk7HudZ", "published date": "2021-06-27T00:00:00"}]}