{"articles": [{"title": "القصر الملكي المغربي يعلن عن عقد قران", "text": "\n\nأعلنت وزارة القصور الملكية والتشريفات والأوسمة المغربية، عن عقد قران في صفوف العائلة الملكية، وحسب وسائل إعلام رسمية فقد جاء نص البيان:\n\n\"تعلن وزارة القصور الملكية والتشريفات والأوسمة أنه بمباركة من صاحب الجلالة الملك محمد السادس، نصره الله، تم حفل عقد قران المصونة للا نهيلة بوشنتوف، كريمة صاحبة السمو الملكي الأميرة للا أسماء، بالشاب عادل الحاجي.\n\nواحتراما للتدابير الصحية الوقائية المتخذة لمواجهة جائحة كورونا، فقد تم هذا الحفل في إطار عائلي خاص. حفظ الله مولانا الإمام بما حفظ به الذكر الحكيم، وجعل أيام جلالته حافلة بالأفراح والمسرات، وأدام على جلالته نعمة الصحة والسلامة وطول العمر، وأقر عينه بولي العهد صاحب السمو الملكي الأمير مولاي الحسن، وبصاحبة السمو الملكي الأميرة للا خديجة، وشد أزره بصاحب السمو الملكي الأمير مولاي رشيد وبسائر أفراد الأسرة الملكية الشريفة، إنه سميع مجيب الدعاء\".\n\n\n\n", "published date": "2021-02-15T11:50:50"}, {"title": "تطورات جديدة بشأن العالقين من السعوديات المتزوجات بكويتيين", "text": "\n\nكشف عضو مجلس الأمة الكويتي مساعد العارضي، أنه تواصل مع وزير الخارجية الشيخ أحمد الناصر بخصوص موضوع السعوديات المتزوجات من كويتيين والموجودات في المملكة.\n\nوقال العارضي، عبر حسابه بتويتر “‏تواصلت مع وزير الخارجية الشيخ أحمد الناصر بخصوص موضوع أخواتنا السعوديات زوجات الكويتيين المتواجدين في السعودية للبحث عن حل لمغادرتهم المملكة ولم شملهم مع أسرهم في الكويت”.\n\nوأضاف “وعدني بأنه سيجتمع يوم الثلاثاء القادم مع الجانب السعودي لحل هذه المشكلة”.\n\nتواصلت مع وزير الخارجية الشيخ احمد الناصر بخصوص موضوع أخواتنا السعوديات زوجات الكويتيين المتواجدين في السعودية\n\nللبحث عن حل لمغادرتهم المملكة ولم شملهم مع أسرهم في الكويت\n\nووعدني بأنه سيجتمع يوم الثلاثاء القادم مع الجانب السعودي لحل هذه المشكله — مساعد عبدالرحمن العارضي (@Musaed_alardei) February 13, 2021", "published date": "2021-02-14T11:56:23"}, {"title": "سر رفع العلم السعودي على أرض مصرية بمحافظة المنوفية", "text": "\n\nتداول رواد مواقع التواصل الاجتماعي صورة وثقت إقامة مصري خيمة على أرض زراعية في بلده ومرفوع بجوارها العلم السعودي.\n\nوأوضح ناشر الصورة: أن “صاحب الأرض مصري وتحديدا من محافظة المنوفية وكان يعمل بالمملكة “.\n\nوأشار إلى أن المقيم المصري عاد إلى بلده عقب انتهاء فترة عمله في المملكة وقام بنصب بيت شعر في أرضه وفوقه العلم السعودي مرفرفاً”.\n\nواختتم صاحب الصورة حديثه قائلا: “لا يستغرب الوفاء من أهله”. في إشارة إلى أن ما فعله الرجل المصري يدل على حبه ووفائه للمملكة.\n\n\n\nبعد ان انتهت فترة عملة في\n\n\n\nلا يستغرب الوفاء من أهله ❤️🇪🇬 في #مصر بعد ان انتهت فترة عملة في #السعودية ، رجع الى #مصر وتحديداً الى بلدته #المنوفية وقام بنصب بيت شعر في ارضه وفوقه علم المملكة العربية السعودية مرفرفاً 🇸🇦لا يستغرب الوفاء من أهله ❤️🇪🇬 pic.twitter.com/4BfR16nOJu February 12, 2021", "published date": "2021-02-13T10:40:30"}, {"title": "يصور زوجته في الحمام لحصد المشاهدات والشهرة", "text": "\n\nشن نشطاء على مواقع التواصل الإجتماعي، هجومًا عنيفًا على أحد الشباب من مشاهير تيك توك، بعدما صور زوجته الحامل وهي في الحمام، متهمين إياه بأنه مصاب بجنون السوشيال ميديا لجني المشاهدات والارباح.\n\nووفقا لما ورد في صحيفة \"ميرور\" البريطانية، أن شابا قام بنشر مقطع فيديو عبر حسابه على تطبيق تيك توك لزوجته في المرحاض وهي تتقيأ وسمع المتابعون صوتها في الفيديو وهي تتألم ما آثار استياء عدد كبير منهم.\n\nوالتقط الشاب صورة سيلفي بالقرب من زوجته المريضة التي تتقيأ، وكتب عليها أنه يشعر بالألم عندما تتألم زوجته وقام بالتقاط تلك الصورة حتى تكون ذكرى فيما بعد حينما تضع الطفل.\n\nوتعرض الشاب لهجوم كبير من المتابعين في التعليقات على الصورة التي نشرها، و اكد عدد كبير منهم أنه يجدر به أن يساندها و يذهب بها الى المستشفى أو مساعدتها في مرضها و لكن غير مقبول إطلاقا تصويرها و هي في تلك الحالة السيئة.\n\n\n\n\n\n", "published date": "2021-02-01T11:57:39"}, {"title": "أمير منطقة عسير يفاجئ العشرات من رؤساء المراكز بقرارات حازمة", "text": "\n\nاعتمد الأمير تركي بن طلال أمير منطقة عسير بالسعودية، تكليف وتدوير عددٍ من رؤساء المراكز في المنطقة، اعتباراً من تاريخ غرة شعبان لعام 1442 هـ.\n\nوبحسب إمارة عسير عبر تويتر، فقد بلغ عدد رؤساء المراكز الذين تم تدويرهم إلى مراكز أخرى 62 رئيساً، إضافة إلى 12 موظفاً جديداً تمّ تكليفهم بمهام رؤساء مراكز، فيما تمّ إعفاء ثلاثة آخرين.\n\nوأشار أمير منطقة عسير، خلال توقيعه قرارات رؤساء المراكز، إلى أن الجميع تحت التقييم المستمر، وقياس رضا المستفيدين من الخدمات التي يعملون من أجلها، وذلك عبر عدد من المؤشرات منها: البيئة الخارجية والداخلية لمقار المراكز، وآلية الإجراءات اللازمة للحصول على الخدمة، إضافة إلى أداء وسلوك الموظفين، والوقت المستغرق للحصول على الخدمة، والعناية بالمستفيدين والتواصل معهم والرضا العام من قِبلهم عن الخدمة المقدمة.\n\n\n\n\n\n", "published date": "2021-02-20T15:01:08"}, {"title": "بعد قصة حب عنيفة.. زواج عروسان عمرهما 91 عامًا", "text": "\n\nاحتفل زوجان في جامايكا بحفل زفافهما بعد وصولهم إلى سن 91 عاما، وفقا لصحيفة “ديلي ميرور”.\n\nوكان الزوجين على علاقة منذ عام 2009 وحاولا الارتباط أكثر من مرة لكن الظروف العائلية لم تكن تسمح بذلك.\n\nوأقيم حفل الزواج في منزل الأسرة بحضور أفراد من عائلتي الزوجين، وكان الجميع سعداء بتلك اللحظة.\n\nوقال الزوج عن تلك اللحظة : ” حين تصل إلى هذا العمر يجب أن تبحث عن شريك لحياتك “.\n\nواللافت أن الزوجة قد رفضت عرض الزواج أكثر من مرة لكنها قبلته في النهاية أمام إصرار الزوج .\n\n\n\n\n\n\n\n", "published date": "2021-02-21T10:00:55"}, {"title": "السعودية.. صدور أمر سامي بحسم عودة الدراسة في المدارس", "text": "\n\nأعلن وزير التعليم السعودي، الدكتور حمد بن محمد آل الشيخ عن صدور الأمر السامي باستمرار التعليم عن بُعد حتى نهاية العام الدراسي.\n\nوقال آل الشيخ عبر حسابه بتويتر : ” حرصاً من القيادة -حفظها الله-على سلامة منسوبي التعليم في ظل استمرار جائحة #كورونا، وبعد تقييم الوضع خلال الأسابيع الماضية؛ فقد صدر الأمر السامي الكريم باستمرار التعليم عن بُعد حتى نهاية العام الدراسي في التعليم العام والجامعي والتدريب التقني الحكومي والأهلي؛ وفق الضوابط المطبقة.\n\nحرصاً من القيادة -حفظها الله-على سلامة منسوبي التعليم في ظل استمرار جائحة #كورونا ، وبعد تقييم الوضع خلال الأسابيع الماضية؛ فقد صدر الأمر السامي الكريم باستمرار #التعليم_عن_بُعد حتى نهاية العام الدراسي في التعليم العام والجامعي والتدريب التقني الحكومي والأهلي؛ وفق الضوابط المطبقة. February 22, 2021", "published date": "2021-02-22T14:27:53"}, {"title": "شاهد كيف انتهت معركة الشرطة السعودية وأحد المسلحين فجرًا", "text": "\n\nصَرّح المتحدث الإعلامي لشرطة منطقة الرياض الرائد خالد الكريديس، أنه في أثناء قيام دوريات الأمن بمتابعة مركبة للاشتباه بها في أحد أحياء الرياض فجرًا، ترجل قائدها وهو يشهر سلاحًا ناريًا على رجال الأمن، وأطلق أعيرة نارية ، محاولاً الهروب بسلب مركبة من قائدها تحت تهديد السلاح.\n\nوأضاف “الكريديس” بأن الدوريات قد تمكنت على الفور من تضييق الخناق عليه بعد تبادل إطلاق النار، والتعامل معه بما يقتضيه الموقف والقبض عليه، وتبين أنه مواطن بالعقد الرابع من العمر، عثر بحوزته على (3568) قرصا من مادة الأمفيتامين والروش المخدر، و(1500) جرام من مادة الحشيش المخدر، وسلاح ناري من نوع مسدس، وعدد من الطلقات الحية، كما اتضح أن المركبة التي كان يقودها مسروقة.\n\nوقد جرى إيقافه واتخذت بحقه الإجراءات النظامية الأولية كافة، وإحالته إلى النيابة العامة.", "published date": "2021-02-24T09:56:02"}]}